92.258,0.14252,28012.,3.5699e-05,-1.0681,-1.0676,-10.465,34.615,54.117,1524.4,-0.047847,0.18473,0.20932,0.016752,liquid
92.381,0.14470,28002.,3.5712e-05,-1.0614,-1.0609,-10.393,34.603,54.124,1523.3,-0.047818,0.18408,0.20918,0.016728,liquid
92.504,0.14692,27991.,3.5725e-05,-1.0548,-1.0542,-10.321,34.591,54.132,1522.1,-0.047790,0.18342,0.20903,0.016703,liquid
92.627,0.14916,27981.,3.5738e-05,-1.0481,-1.0476,-10.249,34.578,54.139,1521.0,-0.047762,0.18278,0.20888,0.016679,liquid
92.750,0.15143,27971.,3.5751e-05,-1.0415,-1.0409,-10.178,34.566,54.147,1519.9,-0.047733,0.18214,0.20873,0.016655,liquid
92.873,0.15373,27961.,3.5765e-05,-1.0348,-1.0343,-10.106,34.554,54.154,1518.7,-0.047705,0.18150,0.20858,0.016630,liquid
92.996,0.15605,27950.,3.5778e-05,-1.0282,-1.0276,-10.034,34.542,54.162,1517.6,-0.047676,0.18087,0.20843,0.016606,liquid
93.119,0.15841,27940.,3.5791e-05,-1.0215,-1.0209,-9.9627,34.530,54.170,1516.5,-0.047647,0.18024,0.20828,0.016581,liquid
93.242,0.16079,27930.,3.5804e-05,-1.0148,-1.0143,-9.8912,34.518,54.177,1515.4,-0.047618,0.17962,0.20813,0.016557,liquid
93.365,0.16320,27920.,3.5817e-05,-1.0082,-1.0076,-9.8199,34.506,54.185,1514.2,-0.047589,0.17900,0.20798,0.016533,liquid
93.488,0.16564,27909.,3.5830e-05,-1.0015,-1.0009,-9.7486,34.494,54.193,1513.1,-0.047560,0.17838,0.20783,0.016508,liquid
93.610,0.16811,27899.,3.5844e-05,-0.99485,-0.99425,-9.6774,34.482,54.201,1512.0,-0.047530,0.17777,0.20768,0.016484,liquid
93.733,0.17061,27889.,3.5857e-05,-0.98819,-0.98758,-9.6062,34.470,54.209,1510.8,-0.047500,0.17717,0.20753,0.016459,liquid
93.856,0.17314,27878.,3.5870e-05,-0.98153,-0.98091,-9.5352,34.458,54.217,1509.7,-0.047471,0.17657,0.20738,0.016435,liquid
93.979,0.17570,27868.,3.5883e-05,-0.97486,-0.97423,-9.4642,34.447,54.225,1508.6,-0.047441,0.17597,0.20723,0.016411,liquid
94.102,0.17829,27858.,3.5897e-05,-0.96820,-0.96756,-9.3933,34.435,54.233,1507.4,-0.047411,0.17538,0.20708,0.016386,liquid
94.225,0.18091,27847.,3.5910e-05,-0.96153,-0.96088,-9.3226,34.423,54.241,1506.3,-0.047381,0.17479,0.20692,0.016362,liquid
94.348,0.18356,27837.,3.5923e-05,-0.95487,-0.95421,-9.2518,34.412,54.250,1505.1,-0.047350,0.17421,0.20677,0.016337,liquid
94.471,0.18625,27827.,3.5937e-05,-0.94820,-0.94753,-9.1812,34.400,54.258,1504.0,-0.047320,0.17363,0.20662,0.016313,liquid
94.594,0.18896,27816.,3.5950e-05,-0.94153,-0.94085,-9.1107,34.388,54.266,1502.9,-0.047289,0.17305,0.20647,0.016289,liquid
94.717,0.19171,27806.,3.5963e-05,-0.93486,-0.93417,-9.0402,34.377,54.275,1501.7,-0.047259,0.17248,0.20631,0.016264,liquid
94.840,0.19449,27796.,3.5977e-05,-0.92819,-0.92749,-8.9698,34.365,54.283,1500.6,-0.047228,0.17191,0.20616,0.016240,liquid
94.963,0.19730,27785.,3.5990e-05,-0.92152,-0.92081,-8.8995,34.354,54.292,1499.4,-0.047197,0.17135,0.20601,0.016215,liquid
95.086,0.20014,27775.,3.6004e-05,-0.91484,-0.91412,-8.8293,34.342,54.300,1498.3,-0.047166,0.17079,0.20585,0.016191,liquid
95.209,0.20302,27765.,3.6017e-05,-0.90817,-0.90744,-8.7591,34.331,54.309,1497.2,-0.047135,0.17023,0.20570,0.016167,liquid
95.332,0.20593,27754.,3.6030e-05,-0.90149,-0.90075,-8.6891,34.320,54.318,1496.0,-0.047103,0.16967,0.20555,0.016142,liquid
95.455,0.20887,27744.,3.6044e-05,-0.89482,-0.89407,-8.6191,34.308,54.326,1494.9,-0.047072,0.16912,0.20539,0.016118,liquid
95.578,0.21185,27734.,3.6057e-05,-0.88814,-0.88738,-8.5492,34.297,54.335,1493.7,-0.047040,0.16858,0.20524,0.016093,liquid
95.701,0.21486,27723.,3.6071e-05,-0.88146,-0.88069,-8.4793,34.286,54.344,1492.6,-0.047008,0.16804,0.20508,0.016069,liquid
95.824,0.21790,27713.,3.6084e-05,-0.87478,-0.87400,-8.4096,34.274,54.353,1491.4,-0.046977,0.16750,0.20493,0.016045,liquid
95.947,0.22098,27702.,3.6098e-05,-0.86810,-0.86731,-8.3399,34.263,54.362,1490.3,-0.046944,0.16696,0.20477,0.016020,liquid
96.070,0.22410,27692.,3.6111e-05,-0.86142,-0.86061,-8.2703,34.252,54.371,1489.1,-0.046912,0.16643,0.20462,0.015996,liquid
96.193,0.22725,27682.,3.6125e-05,-0.85474,-0.85392,-8.2008,34.241,54.380,1488.0,-0.046880,0.16590,0.20446,0.015971,liquid
96.316,0.23043,27671.,3.6139e-05,-0.84806,-0.84722,-8.1314,34.230,54.389,1486.8,-0.046848,0.16537,0.20431,0.015947,liquid
96.439,0.23365,27661.,3.6152e-05,-0.84137,-0.84053,-8.0620,34.219,54.398,1485.7,-0.046815,0.16485,0.20415,0.015923,liquid
96.562,0.23691,27650.,3.6166e-05,-0.83469,-0.83383,-7.9927,34.207,54.407,1484.5,-0.046782,0.16433,0.20400,0.015898,liquid
96.684,0.24020,27640.,3.6179e-05,-0.82800,-0.82713,-7.9235,34.196,54.416,1483.4,-0.046749,0.16382,0.20384,0.015874,liquid
96.807,0.24353,27630.,3.6193e-05,-0.82131,-0.82043,-7.8544,34.185,54.426,1482.2,-0.046716,0.16330,0.20368,0.015849,liquid
96.930,0.24690,27619.,3.6207e-05,-0.81462,-0.81373,-7.7853,34.174,54.435,1481.1,-0.046683,0.16279,0.20353,0.015825,liquid
97.053,0.25030,27609.,3.6220e-05,-0.80793,-0.80703,-7.7164,34.163,54.444,1479.9,-0.046650,0.16229,0.20337,0.015801,liquid
97.176,0.25374,27598.,3.6234e-05,-0.80124,-0.80032,-7.6475,34.152,54.453,1478.8,-0.046617,0.16178,0.20321,0.015776,liquid
97.299,0.25722,27588.,3.6248e-05,-0.79455,-0.79362,-7.5786,34.142,54.463,1477.6,-0.046583,0.16128,0.20306,0.015752,liquid
97.422,0.26074,27577.,3.6262e-05,-0.78786,-0.78691,-7.5099,34.131,54.472,1476.5,-0.046549,0.16078,0.20290,0.015727,liquid
97.545,0.26429,27567.,3.6275e-05,-0.78116,-0.78020,-7.4412,34.120,54.482,1475.3,-0.046516,0.16029,0.20274,0.015703,liquid
97.668,0.26789,27557.,3.6289e-05,-0.77447,-0.77350,-7.3726,34.109,54.491,1474.1,-0.046482,0.15980,0.20258,0.015679,liquid
97.791,0.27152,27546.,3.6303e-05,-0.76777,-0.76679,-7.3041,34.098,54.501,1473.0,-0.046448,0.15931,0.20242,0.015654,liquid
97.914,0.27519,27536.,3.6317e-05,-0.76107,-0.76007,-7.2356,34.087,54.511,1471.8,-0.046413,0.15882,0.20227,0.015630,liquid
98.037,0.27890,27525.,3.6330e-05,-0.75438,-0.75336,-7.1673,34.077,54.520,1470.7,-0.046379,0.15834,0.20211,0.015606,liquid
98.160,0.28266,27515.,3.6344e-05,-0.74768,-0.74665,-7.0990,34.066,54.530,1469.5,-0.046345,0.15786,0.20195,0.015581,liquid
98.283,0.28645,27504.,3.6358e-05,-0.74097,-0.73993,-7.0307,34.055,54.540,1468.3,-0.046310,0.15738,0.20179,0.015557,liquid
98.406,0.29028,27494.,3.6372e-05,-0.73427,-0.73322,-6.9626,34.044,54.550,1467.2,-0.046275,0.15690,0.20163,0.015532,liquid
98.529,0.29415,27483.,3.6386e-05,-0.72757,-0.72650,-6.8945,34.034,54.559,1466.0,-0.046240,0.15643,0.20147,0.015508,liquid
98.652,0.29807,27473.,3.6400e-05,-0.72086,-0.71978,-6.8265,34.023,54.569,1464.8,-0.046205,0.15596,0.20131,0.015484,liquid
98.775,0.30202,27462.,3.6414e-05,-0.71416,-0.71306,-6.7586,34.013,54.579,1463.7,-0.046170,0.15549,0.20115,0.015459,liquid
98.898,0.30602,27452.,3.6428e-05,-0.70745,-0.70634,-6.6907,34.002,54.589,1462.5,-0.046135,0.15503,0.20100,0.015435,liquid
99.021,0.31006,27441.,3.6442e-05,-0.70074,-0.69961,-6.6229,33.991,54.599,1461.3,-0.046099,0.15456,0.20084,0.015411,liquid
99.144,0.31414,27431.,3.6456e-05,-0.69404,-0.69289,-6.5552,33.981,54.609,1460.2,-0.046064,0.15410,0.20068,0.015386,liquid
99.267,0.31826,27420.,3.6470e-05,-0.68733,-0.68616,-6.4875,33.970,54.619,1459.0,-0.046028,0.15365,0.20052,0.015362,liquid
99.390,0.32243,27410.,3.6484e-05,-0.68061,-0.67944,-6.4200,33.960,54.630,1457.8,-0.045992,0.15319,0.20036,0.015338,liquid
99.513,0.32664,27399.,3.6498e-05,-0.67390,-0.67271,-6.3525,33.949,54.640,1456.7,-0.045956,0.15274,0.20020,0.015313,liquid
99.635,0.33089,27388.,3.6512e-05,-0.66719,-0.66598,-6.2850,33.939,54.650,1455.5,-0.045920,0.15229,0.20003,0.015289,liquid
99.758,0.33519,27378.,3.6526e-05,-0.66047,-0.65925,-6.2177,33.928,54.660,1454.3,-0.045884,0.15184,0.19987,0.015265,liquid
99.881,0.33953,27367.,3.6540e-05,-0.65376,-0.65252,-6.1504,33.918,54.671,1453.2,-0.045847,0.15139,0.19971,0.015240,liquid
100.00,0.34392,27357.,3.6554e-05,-0.64704,-0.64578,-6.0832,33.908,54.681,1452.0,-0.045811,0.15095,0.19955,0.015216,liquid
100.13,0.34835,27346.,3.6568e-05,-0.64032,-0.63905,-6.0160,33.897,54.691,1450.8,-0.045774,0.15051,0.19939,0.015192,liquid
100.25,0.35282,27336.,3.6582e-05,-0.63360,-0.63231,-5.9490,33.887,54.702,1449.7,-0.045737,0.15007,0.19923,0.015167,liquid
100.37,0.35734,27325.,3.6596e-05,-0.62688,-0.62557,-5.8819,33.876,54.712,1448.5,-0.045700,0.14963,0.19907,0.015143,liquid
100.50,0.36191,27314.,3.6611e-05,-0.62016,-0.61883,-5.8150,33.866,54.723,1447.3,-0.045663,0.14920,0.19891,0.015119,liquid
100.62,0.36653,27304.,3.6625e-05,-0.61343,-0.61209,-5.7481,33.856,54.733,1446.1,-0.045626,0.14877,0.19874,0.015094,liquid
100.74,0.37119,27293.,3.6639e-05,-0.60671,-0.60535,-5.6813,33.846,54.744,1445.0,-0.045588,0.14834,0.19858,0.015070,liquid
100.87,0.37589,27283.,3.6653e-05,-0.59998,-0.59861,-5.6146,33.835,54.754,1443.8,-0.045551,0.14791,0.19842,0.015046,liquid
100.99,0.38065,27272.,3.6668e-05,-0.59326,-0.59186,-5.5480,33.825,54.765,1442.6,-0.045513,0.14748,0.19826,0.015021,liquid
101.11,0.38545,27261.,3.6682e-05,-0.58653,-0.58511,-5.4814,33.815,54.776,1441.4,-0.045475,0.14706,0.19810,0.014997,liquid
101.23,0.39030,27251.,3.6696e-05,-0.57980,-0.57837,-5.4148,33.805,54.787,1440.3,-0.045437,0.14664,0.19793,0.014973,liquid
101.36,0.39519,27240.,3.6710e-05,-0.57307,-0.57162,-5.3484,33.794,54.797,1439.1,-0.045399,0.14622,0.19777,0.014948,liquid
101.48,0.40014,27230.,3.6725e-05,-0.56634,-0.56487,-5.2820,33.784,54.808,1437.9,-0.045361,0.14580,0.19761,0.014924,liquid
101.60,0.40513,27219.,3.6739e-05,-0.55960,-0.55811,-5.2157,33.774,54.819,1436.7,-0.045322,0.14539,0.19744,0.014900,liquid
101.73,0.41018,27208.,3.6753e-05,-0.55287,-0.55136,-5.1494,33.764,54.830,1435.5,-0.045284,0.14497,0.19728,0.014875,liquid
101.85,0.41527,27198.,3.6768e-05,-0.54613,-0.54460,-5.0833,33.754,54.841,1434.4,-0.045245,0.14456,0.19712,0.014851,liquid
101.97,0.42041,27187.,3.6782e-05,-0.53939,-0.53785,-5.0171,33.744,54.852,1433.2,-0.045206,0.14415,0.19695,0.014827,liquid
102.09,0.42561,27176.,3.6797e-05,-0.53266,-0.53109,-4.9511,33.734,54.863,1432.0,-0.045167,0.14374,0.19679,0.014802,liquid
102.22,0.43085,27166.,3.6811e-05,-0.52592,-0.52433,-4.8851,33.723,54.874,1430.8,-0.045128,0.14334,0.19663,0.014778,liquid
102.34,0.43615,27155.,3.6826e-05,-0.51918,-0.51757,-4.8192,33.713,54.885,1429.6,-0.045089,0.14294,0.19646,0.014754,liquid
102.46,0.44149,27144.,3.6840e-05,-0.51243,-0.51081,-4.7534,33.703,54.896,1428.4,-0.045049,0.14253,0.19630,0.014730,liquid
102.59,0.44689,27134.,3.6855e-05,-0.50569,-0.50404,-4.6876,33.693,54.907,1427.3,-0.045010,0.14213,0.19613,0.014705,liquid
102.71,0.45234,27123.,3.6869e-05,-0.49894,-0.49728,-4.6219,33.683,54.919,1426.1,-0.044970,0.14174,0.19597,0.014681,liquid
102.83,0.45784,27112.,3.6884e-05,-0.49220,-0.49051,-4.5562,33.673,54.930,1424.9,-0.044930,0.14134,0.19581,0.014657,liquid
102.96,0.46339,27102.,3.6898e-05,-0.48545,-0.48374,-4.4906,33.663,54.941,1423.7,-0.044890,0.14094,0.19564,0.014632,liquid
103.08,0.46900,27091.,3.6913e-05,-0.47870,-0.47697,-4.4251,33.653,54.953,1422.5,-0.044850,0.14055,0.19548,0.014608,liquid
103.20,0.47466,27080.,3.6927e-05,-0.47195,-0.47020,-4.3597,33.643,54.964,1421.3,-0.044810,0.14016,0.19531,0.014584,liquid
103.32,0.48037,27069.,3.6942e-05,-0.46520,-0.46343,-4.2943,33.634,54.975,1420.1,-0.044769,0.13977,0.19515,0.014560,liquid
103.45,0.48614,27059.,3.6957e-05,-0.45845,-0.45665,-4.2290,33.624,54.987,1418.9,-0.044728,0.13938,0.19498,0.014535,liquid
103.57,0.49196,27048.,3.6971e-05,-0.45169,-0.44988,-4.1637,33.614,54.998,1417.8,-0.044688,0.13900,0.19482,0.014511,liquid
103.69,0.49784,27037.,3.6986e-05,-0.44494,-0.44310,-4.0985,33.604,55.010,1416.6,-0.044647,0.13861,0.19465,0.014487,liquid
103.82,0.50377,27026.,3.7001e-05,-0.43818,-0.43632,-4.0334,33.594,55.021,1415.4,-0.044606,0.13823,0.19448,0.014462,liquid
103.94,0.50976,27016.,3.7015e-05,-0.43142,-0.42954,-3.9683,33.584,55.033,1414.2,-0.044564,0.13785,0.19432,0.014438,liquid
104.06,0.51580,27005.,3.7030e-05,-0.42467,-0.42276,-3.9033,33.574,55.045,1413.0,-0.044523,0.13747,0.19415,0.014414,liquid
104.18,0.52190,26994.,3.7045e-05,-0.41791,-0.41597,-3.8384,33.564,55.056,1411.8,-0.044481,0.13710,0.19399,0.014390,liquid
104.31,0.52806,26983.,3.7060e-05,-0.41114,-0.40919,-3.7735,33.555,55.068,1410.6,-0.044440,0.13672,0.19382,0.014365,liquid
104.43,0.53427,26973.,3.7075e-05,-0.40438,-0.40240,-3.7087,33.545,55.080,1409.4,-0.044398,0.13635,0.19366,0.014341,liquid
104.55,0.54054,26962.,3.7089e-05,-0.39762,-0.39561,-3.6440,33.535,55.092,1408.2,-0.044356,0.13597,0.19349,0.014317,liquid
104.68,0.54686,26951.,3.7104e-05,-0.39085,-0.38882,-3.5793,33.525,55.104,1407.0,-0.044314,0.13560,0.19332,0.014293,liquid
104.80,0.55325,26940.,3.7119e-05,-0.38408,-0.38203,-3.5146,33.516,55.116,1405.8,-0.044271,0.13523,0.19316,0.014268,liquid
104.92,0.55969,26929.,3.7134e-05,-0.37731,-0.37523,-3.4501,33.506,55.127,1404.6,-0.044229,0.13487,0.19299,0.014244,liquid
105.05,0.56619,26919.,3.7149e-05,-0.37054,-0.36844,-3.3856,33.496,55.139,1403.4,-0.044186,0.13450,0.19282,0.014220,liquid
105.17,0.57275,26908.,3.7164e-05,-0.36377,-0.36164,-3.3212,33.486,55.151,1402.2,-0.044143,0.13414,0.19266,0.014196,liquid
105.29,0.57937,26897.,3.7179e-05,-0.35700,-0.35485,-3.2568,33.477,55.163,1401.0,-0.044100,0.13377,0.19249,0.014172,liquid
105.41,0.58605,26886.,3.7194e-05,-0.35022,-0.34805,-3.1925,33.467,55.176,1399.8,-0.044057,0.13341,0.19232,0.014147,liquid
105.54,0.59279,26875.,3.7209e-05,-0.34345,-0.34124,-3.1282,33.457,55.188,1398.6,-0.044014,0.13305,0.19216,0.014123,liquid
105.66,0.59959,26865.,3.7224e-05,-0.33667,-0.33444,-3.0641,33.448,55.200,1397.4,-0.043970,0.13269,0.19199,0.014099,liquid
105.78,0.60645,26854.,3.7239e-05,-0.32989,-0.32764,-2.9999,33.438,55.212,1396.2,-0.043927,0.13233,0.19182,0.014075,liquid
105.91,0.61337,26843.,3.7254e-05,-0.32311,-0.32083,-2.9359,33.428,55.224,1395.0,-0.043883,0.13198,0.19165,0.014050,liquid
106.03,0.62036,26832.,3.7269e-05,-0.31633,-0.31402,-2.8719,33.419,55.237,1393.8,-0.043839,0.13163,0.19149,0.014026,liquid
106.15,0.62740,26821.,3.7284e-05,-0.30955,-0.30721,-2.8079,33.409,55.249,1392.6,-0.043795,0.13127,0.19132,0.014002,liquid
106.28,0.63451,26810.,3.7299e-05,-0.30277,-0.30040,-2.7441,33.400,55.261,1391.4,-0.043751,0.13092,0.19115,0.013978,liquid
106.40,0.64168,26799.,3.7314e-05,-0.29598,-0.29359,-2.6802,33.390,55.274,1390.2,-0.043706,0.13057,0.19098,0.013954,liquid
106.52,0.64892,26789.,3.7329e-05,-0.28920,-0.28677,-2.6165,33.380,55.286,1389.0,-0.043662,0.13022,0.19081,0.013929,liquid
106.64,0.65621,26778.,3.7345e-05,-0.28241,-0.27996,-2.5528,33.371,55.299,1387.8,-0.043617,0.12988,0.19065,0.013905,liquid
106.77,0.66357,26767.,3.7360e-05,-0.27562,-0.27314,-2.4891,33.361,55.311,1386.6,-0.043572,0.12953,0.19048,0.013881,liquid
106.89,0.67100,26756.,3.7375e-05,-0.26883,-0.26632,-2.4256,33.352,55.324,1385.4,-0.043527,0.12919,0.19031,0.013857,liquid
107.01,0.67849,26745.,3.7390e-05,-0.26203,-0.25950,-2.3620,33.342,55.337,1384.2,-0.043482,0.12884,0.19014,0.013833,liquid
107.14,0.68604,26734.,3.7406e-05,-0.25524,-0.25267,-2.2986,33.333,55.349,1383.0,-0.043436,0.12850,0.18997,0.013809,liquid
107.26,0.69366,26723.,3.7421e-05,-0.24845,-0.24585,-2.2352,33.323,55.362,1381.8,-0.043391,0.12816,0.18980,0.013784,liquid
107.38,0.70135,26712.,3.7436e-05,-0.24165,-0.23902,-2.1718,33.314,55.375,1380.6,-0.043345,0.12782,0.18964,0.013760,liquid
107.50,0.70910,26701.,3.7452e-05,-0.23485,-0.23219,-2.1086,33.304,55.387,1379.4,-0.043299,0.12748,0.18947,0.013736,liquid
107.63,0.71692,26690.,3.7467e-05,-0.22805,-0.22536,-2.0453,33.295,55.400,1378.2,-0.043253,0.12715,0.18930,0.013712,liquid
107.75,0.72480,26679.,3.7482e-05,-0.22125,-0.21853,-1.9822,33.285,55.413,1376.9,-0.043206,0.12681,0.18913,0.013688,liquid
107.87,0.73276,26668.,3.7498e-05,-0.21445,-0.21170,-1.9191,33.276,55.426,1375.7,-0.043160,0.12648,0.18896,0.013664,liquid
108.00,0.74078,26657.,3.7513e-05,-0.20764,-0.20486,-1.8560,33.267,55.439,1374.5,-0.043113,0.12615,0.18879,0.013639,liquid
108.12,0.74886,26646.,3.7529e-05,-0.20084,-0.19803,-1.7930,33.257,55.452,1373.3,-0.043066,0.12582,0.18862,0.013615,liquid
108.24,0.75702,26635.,3.7544e-05,-0.19403,-0.19119,-1.7301,33.248,55.465,1372.1,-0.043019,0.12549,0.18845,0.013591,liquid
108.37,0.76524,26624.,3.7559e-05,-0.18722,-0.18435,-1.6672,33.238,55.478,1370.9,-0.042972,0.12516,0.18828,0.013567,liquid
108.49,0.77354,26613.,3.7575e-05,-0.18041,-0.17751,-1.6044,33.229,55.491,1369.7,-0.042925,0.12483,0.18811,0.013543,liquid
108.61,0.78190,26602.,3.7591e-05,-0.17360,-0.17066,-1.5417,33.220,55.505,1368.5,-0.042877,0.12450,0.18794,0.013519,liquid
108.73,0.79034,26591.,3.7606e-05,-0.16679,-0.16382,-1.4790,33.210,55.518,1367.2,-0.042830,0.12418,0.18777,0.013495,liquid
108.86,0.79884,26580.,3.7622e-05,-0.15997,-0.15697,-1.4163,33.201,55.531,1366.0,-0.042782,0.12385,0.18760,0.013470,liquid
108.98,0.80742,26569.,3.7637e-05,-0.15316,-0.15012,-1.3537,33.192,55.544,1364.8,-0.042734,0.12353,0.18743,0.013446,liquid
109.10,0.81606,26558.,3.7653e-05,-0.14634,-0.14327,-1.2912,33.182,55.558,1363.6,-0.042686,0.12321,0.18726,0.013422,liquid
109.23,0.82478,26547.,3.7669e-05,-0.13952,-0.13642,-1.2287,33.173,55.571,1362.4,-0.042637,0.12289,0.18709,0.013398,liquid
109.35,0.83357,26536.,3.7684e-05,-0.13270,-0.12956,-1.1663,33.164,55.584,1361.2,-0.042589,0.12257,0.18692,0.013374,liquid
109.47,0.84243,26525.,3.7700e-05,-0.12588,-0.12271,-1.1039,33.155,55.598,1359.9,-0.042540,0.12225,0.18675,0.013350,liquid
109.60,0.85137,26514.,3.7716e-05,-0.11906,-0.11585,-1.0416,33.145,55.611,1358.7,-0.042491,0.12194,0.18658,0.013326,liquid
109.72,0.86038,26503.,3.7731e-05,-0.11223,-0.10899,-0.97938,33.136,55.625,1357.5,-0.042442,0.12162,0.18641,0.013302,liquid
109.84,0.86946,26492.,3.7747e-05,-0.10541,-0.10213,-0.91719,33.127,55.639,1356.3,-0.042392,0.12131,0.18624,0.013278,liquid
109.96,0.87861,26481.,3.7763e-05,-0.098579,-0.095261,-0.85505,33.118,55.652,1355.1,-0.042343,0.12099,0.18607,0.013254,liquid
110.09,0.88784,26470.,3.7779e-05,-0.091750,-0.088396,-0.79297,33.108,55.666,1353.8,-0.042293,0.12068,0.18590,0.013230,liquid
110.21,0.89715,26459.,3.7795e-05,-0.084919,-0.081528,-0.73094,33.099,55.680,1352.6,-0.042243,0.12037,0.18573,0.013205,liquid
110.33,0.90653,26448.,3.7810e-05,-0.078087,-0.074659,-0.66897,33.090,55.694,1351.4,-0.042193,0.12006,0.18556,0.013181,liquid
110.46,0.91598,26437.,3.7826e-05,-0.071253,-0.067788,-0.60705,33.081,55.707,1350.2,-0.042143,0.11975,0.18539,0.013157,liquid
110.58,0.92551,26425.,3.7842e-05,-0.064417,-0.060915,-0.54519,33.072,55.721,1349.0,-0.042093,0.11944,0.18522,0.013133,liquid
110.70,0.93512,26414.,3.7858e-05,-0.057580,-0.054040,-0.48338,33.062,55.735,1347.7,-0.042042,0.11914,0.18505,0.013109,liquid
110.82,0.94481,26403.,3.7874e-05,-0.050742,-0.047163,-0.42162,33.053,55.749,1346.5,-0.041991,0.11883,0.18488,0.013085,liquid
110.95,0.95457,26392.,3.7890e-05,-0.043902,-0.040285,-0.35992,33.044,55.763,1345.3,-0.041940,0.11853,0.18471,0.013061,liquid
111.07,0.96441,26381.,3.7906e-05,-0.037060,-0.033404,-0.29828,33.035,55.777,1344.1,-0.041889,0.11823,0.18453,0.013037,liquid
111.19,0.97432,26370.,3.7922e-05,-0.030217,-0.026522,-0.23669,33.026,55.791,1342.8,-0.041837,0.11792,0.18436,0.013013,liquid
111.32,0.98432,26359.,3.7938e-05,-0.023372,-0.019638,-0.17515,33.017,55.806,1341.6,-0.041786,0.11762,0.18419,0.012989,liquid
111.44,0.99439,26347.,3.7954e-05,-0.016526,-0.012752,-0.11367,33.008,55.820,1340.4,-0.041734,0.11732,0.18402,0.012965,liquid
111.56,1.0045,26336.,3.7970e-05,-0.0096777,-0.0058634,-0.052237,32.998,55.834,1339.1,-0.041682,0.11702,0.18385,0.012941,liquid
111.69,1.0148,26325.,3.7986e-05,-0.0028282,0.0010266,0.0091404,32.989,55.848,1337.9,-0.041630,0.11672,0.18368,0.012917,liquid
111.81,1.0251,26314.,3.8003e-05,0.0040229,0.0079185,0.070464,32.980,55.863,1336.7,-0.041577,0.11643,0.18351,0.012893,liquid
111.93,1.0355,26303.,3.8019e-05,0.010876,0.014812,0.13174,32.971,55.877,1335.5,-0.041525,0.11613,0.18333,0.012869,liquid
112.05,1.0460,26292.,3.8035e-05,0.017730,0.021708,0.19295,32.962,55.892,1334.2,-0.041472,0.11584,0.18316,0.012845,liquid
112.18,1.0565,26280.,3.8051e-05,0.024586,0.028606,0.25412,32.953,55.906,1333.0,-0.041419,0.11554,0.18299,0.012821,liquid
112.30,1.0672,26269.,3.8067e-05,0.031443,0.035506,0.31523,32.944,55.921,1331.8,-0.041366,0.11525,0.18282,0.012797,liquid
112.42,1.0779,26258.,3.8084e-05,0.038302,0.042407,0.37629,32.935,55.935,1330.5,-0.041312,0.11496,0.18265,0.012773,liquid
112.55,1.0887,26247.,3.8100e-05,0.045163,0.049311,0.43730,32.926,55.950,1329.3,-0.041259,0.11467,0.18247,0.012749,liquid
112.67,1.0996,26235.,3.8116e-05,0.052025,0.056217,0.49826,32.917,55.965,1328.1,-0.041205,0.11438,0.18230,0.012725,liquid
112.79,1.1105,26224.,3.8133e-05,0.058889,0.063124,0.55916,32.908,55.979,1326.8,-0.041151,0.11409,0.18213,0.012701,liquid
112.92,1.1216,26213.,3.8149e-05,0.065755,0.070034,0.62001,32.899,55.994,1325.6,-0.041097,0.11380,0.18196,0.012677,liquid
113.04,1.1327,26202.,3.8166e-05,0.072622,0.076945,0.68081,32.890,56.009,1324.4,-0.041042,0.11351,0.18179,0.012653,liquid
113.16,1.1439,26190.,3.8182e-05,0.079491,0.083859,0.74156,32.881,56.024,1323.1,-0.040988,0.11323,0.18161,0.012629,liquid
113.28,1.1552,26179.,3.8198e-05,0.086361,0.090774,0.80226,32.872,56.039,1321.9,-0.040933,0.11294,0.18144,0.012605,liquid
113.41,1.1666,26168.,3.8215e-05,0.093234,0.097692,0.86291,32.863,56.054,1320.7,-0.040878,0.11266,0.18127,0.012581,liquid
113.53,1.1781,26157.,3.8231e-05,0.10011,0.10461,0.92350,32.854,56.069,1319.4,-0.040823,0.11237,0.18110,0.012557,liquid
113.65,1.1897,26145.,3.8248e-05,0.10698,0.11153,0.98405,32.845,56.084,1318.2,-0.040767,0.11209,0.18092,0.012533,liquid
113.78,1.2013,26134.,3.8264e-05,0.11386,0.11846,1.0445,32.837,56.099,1316.9,-0.040711,0.11181,0.18075,0.012509,liquid
113.90,1.2131,26123.,3.8281e-05,0.12074,0.12538,1.1050,32.828,56.114,1315.7,-0.040656,0.11153,0.18058,0.012485,liquid
114.02,1.2249,26111.,3.8298e-05,0.12762,0.13231,1.1654,32.819,56.130,1314.5,-0.040599,0.11125,0.18041,0.012461,liquid
114.14,1.2368,26100.,3.8314e-05,0.13450,0.13924,1.2257,32.810,56.145,1313.2,-0.040543,0.11097,0.18023,0.012438,liquid
114.27,1.2488,26089.,3.8331e-05,0.14138,0.14617,1.2860,32.801,56.160,1312.0,-0.040487,0.11069,0.18006,0.012414,liquid
114.39,1.2609,26077.,3.8348e-05,0.14827,0.15311,1.3463,32.792,56.176,1310.7,-0.040430,0.11042,0.17989,0.012390,liquid
114.51,1.2731,26066.,3.8364e-05,0.15516,0.16004,1.4064,32.783,56.191,1309.5,-0.040373,0.11014,0.17971,0.012366,liquid
114.64,1.2853,26055.,3.8381e-05,0.16205,0.16698,1.4666,32.775,56.207,1308.3,-0.040316,0.10987,0.17954,0.012342,liquid
114.76,1.2977,26043.,3.8398e-05,0.16894,0.17392,1.5267,32.766,56.222,1307.0,-0.040258,0.10959,0.17937,0.012318,liquid
114.88,1.3102,26032.,3.8415e-05,0.17583,0.18086,1.5867,32.757,56.238,1305.8,-0.040200,0.10932,0.17920,0.012294,liquid
115.01,1.3227,26020.,3.8431e-05,0.18272,0.18781,1.6467,32.748,56.254,1304.5,-0.040143,0.10905,0.17902,0.012270,liquid
115.13,1.3353,26009.,3.8448e-05,0.18962,0.19475,1.7067,32.739,56.269,1303.3,-0.040085,0.10878,0.17885,0.012246,liquid
115.25,1.3481,25998.,3.8465e-05,0.19652,0.20170,1.7666,32.731,56.285,1302.0,-0.040026,0.10851,0.17868,0.012223,liquid
115.37,1.3609,25986.,3.8482e-05,0.20341,0.20865,1.8264,32.722,56.301,1300.8,-0.039968,0.10824,0.17850,0.012199,liquid
115.50,1.3738,25975.,3.8499e-05,0.21032,0.21560,1.8862,32.713,56.317,1299.5,-0.039909,0.10797,0.17833,0.012175,liquid
115.62,1.3868,25963.,3.8516e-05,0.21722,0.22256,1.9460,32.704,56.333,1298.3,-0.039850,0.10770,0.17816,0.012151,liquid
115.74,1.3999,25952.,3.8533e-05,0.22412,0.22952,2.0057,32.696,56.349,1297.0,-0.039791,0.10743,0.17798,0.012127,liquid
115.87,1.4131,25940.,3.8550e-05,0.23103,0.23648,2.0653,32.687,56.365,1295.8,-0.039731,0.10717,0.17781,0.012103,liquid
115.99,1.4264,25929.,3.8567e-05,0.23794,0.24344,2.1249,32.678,56.381,1294.6,-0.039671,0.10690,0.17764,0.012079,liquid
116.11,1.4397,25918.,3.8584e-05,0.24485,0.25040,2.1845,32.669,56.397,1293.3,-0.039611,0.10664,0.17746,0.012056,liquid
116.24,1.4532,25906.,3.8601e-05,0.25176,0.25737,2.2440,32.661,56.414,1292.1,-0.039551,0.10637,0.17729,0.012032,liquid
116.36,1.4668,25895.,3.8618e-05,0.25867,0.26433,2.3035,32.652,56.430,1290.8,-0.039491,0.10611,0.17711,0.012008,liquid
116.48,1.4804,25883.,3.8635e-05,0.26558,0.27130,2.3629,32.643,56.446,1289.5,-0.039430,0.10585,0.17694,0.011984,liquid
116.60,1.4942,25872.,3.8652e-05,0.27250,0.27828,2.4223,32.635,56.463,1288.3,-0.039369,0.10559,0.17677,0.011960,liquid
116.73,1.5081,25860.,3.8670e-05,0.27942,0.28525,2.4816,32.626,56.479,1287.0,-0.039308,0.10532,0.17659,0.011936,liquid
116.85,1.5220,25849.,3.8687e-05,0.28634,0.29223,2.5409,32.617,56.496,1285.8,-0.039247,0.10507,0.17642,0.011913,liquid
116.97,1.5361,25837.,3.8704e-05,0.29326,0.29921,2.6001,32.609,56.512,1284.5,-0.039185,0.10481,0.17625,0.011889,liquid
117.10,1.5502,25825.,3.8721e-05,0.30018,0.30619,2.6593,32.600,56.529,1283.3,-0.039123,0.10455,0.17607,0.011865,liquid
117.22,1.5645,25814.,3.8739e-05,0.30711,0.31317,2.7184,32.592,56.546,1282.0,-0.039061,0.10429,0.17590,0.011841,liquid
117.34,1.5789,25802.,3.8756e-05,0.31404,0.32016,2.7775,32.583,56.563,1280.8,-0.038999,0.10403,0.17572,0.011818,liquid
117.46,1.5933,25791.,3.8773e-05,0.32097,0.32714,2.8365,32.574,56.579,1279.5,-0.038936,0.10378,0.17555,0.011794,liquid
117.59,1.6079,25779.,3.8791e-05,0.32790,0.33413,2.8955,32.566,56.596,1278.3,-0.038874,0.10352,0.17538,0.011770,liquid
117.71,1.6225,25768.,3.8808e-05,0.33483,0.34113,2.9545,32.557,56.613,1277.0,-0.038811,0.10327,0.17520,0.011746,liquid
117.83,1.6373,25756.,3.8826e-05,0.34176,0.34812,3.0134,32.549,56.630,1275.7,-0.038747,0.10302,0.17503,0.011722,liquid
117.96,1.6521,25745.,3.8843e-05,0.34870,0.35512,3.0722,32.540,56.647,1274.5,-0.038684,0.10276,0.17485,0.011699,liquid
118.08,1.6671,25733.,3.8861e-05,0.35564,0.36212,3.1311,32.532,56.665,1273.2,-0.038620,0.10251,0.17468,0.011675,liquid
118.20,1.6821,25721.,3.8878e-05,0.36258,0.36912,3.1898,32.523,56.682,1272.0,-0.038556,0.10226,0.17451,0.011651,liquid
118.33,1.6973,25710.,3.8896e-05,0.36952,0.37612,3.2485,32.515,56.699,1270.7,-0.038491,0.10201,0.17433,0.011628,liquid
118.45,1.7126,25698.,3.8913e-05,0.37646,0.38313,3.3072,32.506,56.716,1269.4,-0.038427,0.10176,0.17416,0.011604,liquid
118.57,1.7279,25686.,3.8931e-05,0.38341,0.39014,3.3659,32.498,56.734,1268.2,-0.038362,0.10151,0.17398,0.011580,liquid
118.69,1.7434,25675.,3.8949e-05,0.39036,0.39715,3.4244,32.489,56.751,1266.9,-0.038297,0.10127,0.17381,0.011556,liquid
118.82,1.7590,25663.,3.8966e-05,0.39731,0.40416,3.4830,32.481,56.769,1265.7,-0.038231,0.10102,0.17363,0.011533,liquid
118.94,1.7747,25651.,3.8984e-05,0.40426,0.41118,3.5415,32.472,56.786,1264.4,-0.038166,0.10077,0.17346,0.011509,liquid
119.06,1.7905,25640.,3.9002e-05,0.41121,0.41819,3.5999,32.464,56.804,1263.1,-0.038100,0.10053,0.17328,0.011485,liquid
119.19,1.8064,25628.,3.9020e-05,0.41816,0.42521,3.6583,32.455,56.822,1261.9,-0.038034,0.10028,0.17311,0.011462,liquid
119.31,1.8224,25616.,3.9037e-05,0.42512,0.43224,3.7167,32.447,56.839,1260.6,-0.037967,0.10004,0.17294,0.011438,liquid
119.43,1.8385,25605.,3.9055e-05,0.43208,0.43926,3.7750,32.438,56.857,1259.3,-0.037901,0.099795,0.17276,0.011414,liquid
119.55,1.8547,25593.,3.9073e-05,0.43904,0.44629,3.8333,32.430,56.875,1258.1,-0.037834,0.099552,0.17259,0.011391,liquid
119.68,1.8710,25581.,3.9091e-05,0.44600,0.45332,3.8915,32.422,56.893,1256.8,-0.037766,0.099310,0.17241,0.011367,liquid
119.80,1.8875,25570.,3.9109e-05,0.45297,0.46035,3.9497,32.413,56.911,1255.5,-0.037699,0.099069,0.17224,0.011343,liquid
119.92,1.9040,25558.,3.9127e-05,0.45993,0.46738,4.0079,32.405,56.929,1254.3,-0.037631,0.098828,0.17206,0.011320,liquid
120.05,1.9206,25546.,3.9145e-05,0.46690,0.47442,4.0660,32.396,56.948,1253.0,-0.037563,0.098589,0.17189,0.011296,liquid
120.17,1.9374,25534.,3.9163e-05,0.47387,0.48146,4.1241,32.388,56.966,1251.7,-0.037495,0.098350,0.17171,0.011272,liquid
120.29,1.9543,25523.,3.9181e-05,0.48084,0.48850,4.1821,32.380,56.984,1250.5,-0.037426,0.098111,0.17154,0.011249,liquid
120.42,1.9713,25511.,3.9199e-05,0.48782,0.49555,4.2400,32.371,57.003,1249.2,-0.037357,0.097873,0.17136,0.011225,liquid
120.54,1.9884,25499.,3.9217e-05,0.49479,0.50259,4.2980,32.363,57.021,1247.9,-0.037288,0.097637,0.17119,0.011201,liquid
120.66,2.0056,25487.,3.9235e-05,0.50177,0.50964,4.3559,32.355,57.040,1246.6,-0.037219,0.097400,0.17101,0.011178,liquid
120.78,2.0229,25475.,3.9254e-05,0.50875,0.51669,4.4137,32.346,57.058,1245.4,-0.037149,0.097165,0.17084,0.011154,liquid
120.91,2.0403,25464.,3.9272e-05,0.51573,0.52375,4.4715,32.338,57.077,1244.1,-0.037079,0.096930,0.17066,0.011131,liquid
121.03,2.0578,25452.,3.9290e-05,0.52272,0.53080,4.5293,32.330,57.096,1242.8,-0.037009,0.096696,0.17049,0.011107,liquid
121.15,2.0755,25440.,3.9308e-05,0.52970,0.53786,4.5870,32.322,57.114,1241.5,-0.036938,0.096462,0.17031,0.011083,liquid
121.28,2.0933,25428.,3.9327e-05,0.53669,0.54492,4.6447,32.313,57.133,1240.3,-0.036867,0.096229,0.17014,0.011060,liquid
121.40,2.1111,25416.,3.9345e-05,0.54368,0.55199,4.7023,32.305,57.152,1239.0,-0.036796,0.095997,0.16996,0.011036,liquid
121.52,2.1291,25404.,3.9363e-05,0.55067,0.55905,4.7599,32.297,57.171,1237.7,-0.036725,0.095766,0.16979,0.011013,liquid
121.65,2.1473,25393.,3.9382e-05,0.55767,0.56612,4.8175,32.289,57.190,1236.4,-0.036653,0.095535,0.16961,0.010989,liquid
121.77,2.1655,25381.,3.9400e-05,0.56466,0.57319,4.8750,32.280,57.209,1235.2,-0.036581,0.095305,0.16944,0.010966,liquid
121.89,2.1838,25369.,3.9419e-05,0.57166,0.58027,4.9324,32.272,57.229,1233.9,-0.036509,0.095076,0.16926,0.010942,liquid
122.01,2.2023,25357.,3.9437e-05,0.57866,0.58734,4.9899,32.264,57.248,1232.6,-0.036436,0.094847,0.16909,0.010919,liquid
122.14,2.2209,25345.,3.9456e-05,0.58566,0.59442,5.0473,32.256,57.267,1231.3,-0.036363,0.094619,0.16891,0.010895,liquid
122.26,2.2396,25333.,3.9474e-05,0.59266,0.60150,5.1046,32.248,57.287,1230.0,-0.036290,0.094391,0.16874,0.010872,liquid
122.38,2.2584,25321.,3.9493e-05,0.59967,0.60859,5.1619,32.240,57.306,1228.8,-0.036217,0.094165,0.16856,0.010848,liquid
122.51,2.2773,25309.,3.9511e-05,0.60668,0.61568,5.2192,32.231,57.326,1227.5,-0.036143,0.093939,0.16839,0.010824,liquid
122.63,2.2963,25297.,3.9530e-05,0.61369,0.62276,5.2764,32.223,57.346,1226.2,-0.036069,0.093713,0.16821,0.010801,liquid
122.75,2.3155,25285.,3.9549e-05,0.62070,0.62986,5.3336,32.215,57.366,1224.9,-0.035994,0.093488,0.16804,0.010777,liquid
122.87,2.3348,25273.,3.9567e-05,0.62771,0.63695,5.3908,32.207,57.385,1223.6,-0.035920,0.093264,0.16786,0.010754,liquid
123.00,2.3542,25261.,3.9586e-05,0.63473,0.64405,5.4479,32.199,57.405,1222.3,-0.035845,0.093041,0.16769,0.010731,liquid
123.12,2.3737,25249.,3.9605e-05,0.64175,0.65115,5.5049,32.191,57.425,1221.1,-0.035769,0.092818,0.16751,0.010707,liquid
123.24,2.3934,25237.,3.9624e-05,0.64877,0.65825,5.5620,32.183,57.445,1219.8,-0.035694,0.092596,0.16734,0.010684,liquid
123.37,2.4132,25225.,3.9643e-05,0.65579,0.66536,5.6189,32.175,57.466,1218.5,-0.035618,0.092374,0.16716,0.010660,liquid
123.49,2.4331,25213.,3.9662e-05,0.66281,0.67246,5.6759,32.167,57.486,1217.2,-0.035541,0.092153,0.16699,0.010637,liquid
123.61,2.4531,25201.,3.9681e-05,0.66984,0.67957,5.7328,32.159,57.506,1215.9,-0.035465,0.091933,0.16681,0.010613,liquid
123.74,2.4732,25189.,3.9699e-05,0.67687,0.68669,5.7897,32.151,57.527,1214.6,-0.035388,0.091713,0.16664,0.010590,liquid
123.86,2.4935,25177.,3.9718e-05,0.68390,0.69380,5.8465,32.143,57.547,1213.3,-0.035311,0.091494,0.16646,0.010566,liquid
123.98,2.5139,25165.,3.9738e-05,0.69093,0.70092,5.9033,32.135,57.568,1212.0,-0.035233,0.091276,0.16629,0.010543,liquid
124.10,2.5344,25153.,3.9757e-05,0.69797,0.70804,5.9600,32.127,57.588,1210.8,-0.035155,0.091058,0.16611,0.010519,liquid
124.23,2.5550,25141.,3.9776e-05,0.70501,0.71517,6.0168,32.119,57.609,1209.5,-0.035077,0.090841,0.16593,0.010496,liquid
124.35,2.5758,25129.,3.9795e-05,0.71204,0.72229,6.0734,32.111,57.630,1208.2,-0.034999,0.090624,0.16576,0.010473,liquid
124.47,2.5967,25117.,3.9814e-05,0.71909,0.72942,6.1301,32.103,57.651,1206.9,-0.034920,0.090408,0.16558,0.010449,liquid
124.60,2.6177,25105.,3.9833e-05,0.72613,0.73656,6.1867,32.095,57.672,1205.6,-0.034841,0.090193,0.16541,0.010426,liquid
124.72,2.6388,25093.,3.9852e-05,0.73318,0.74369,6.2432,32.087,57.693,1204.3,-0.034761,0.089978,0.16523,0.010402,liquid
124.84,2.6601,25080.,3.9872e-05,0.74022,0.75083,6.2997,32.079,57.714,1203.0,-0.034681,0.089764,0.16506,0.010379,liquid
124.97,2.6815,25068.,3.9891e-05,0.74727,0.75797,6.3562,32.071,57.735,1201.7,-0.034601,0.089550,0.16488,0.010356,liquid
125.09,2.7030,25056.,3.9910e-05,0.75433,0.76511,6.4127,32.063,57.756,1200.4,-0.034520,0.089337,0.16471,0.010332,liquid
125.21,2.7247,25044.,3.9930e-05,0.76138,0.77226,6.4691,32.055,57.778,1199.1,-0.034440,0.089125,0.16453,0.010309,liquid
125.33,2.7464,25032.,3.9949e-05,0.76844,0.77941,6.5255,32.047,57.799,1197.8,-0.034358,0.088913,0.16436,0.010286,liquid
125.46,2.7684,25020.,3.9969e-05,0.77550,0.78656,6.5818,32.039,57.821,1196.5,-0.034277,0.088702,0.16418,0.010262,liquid
125.58,2.7904,25007.,3.9988e-05,0.78256,0.79371,6.6381,32.031,57.843,1195.2,-0.034195,0.088492,0.16400,0.010239,liquid
125.70,2.8126,24995.,4.0008e-05,0.78962,0.80087,6.6944,32.024,57.864,1193.9,-0.034113,0.088282,0.16383,0.010216,liquid
125.83,2.8349,24983.,4.0027e-05,0.79669,0.80803,6.7506,32.016,57.886,1192.6,-0.034030,0.088072,0.16365,0.010192,liquid
125.95,2.8573,24971.,4.0047e-05,0.80375,0.81520,6.8068,32.008,57.908,1191.3,-0.033947,0.087864,0.16348,0.010169,liquid
126.07,2.8799,24959.,4.0066e-05,0.81082,0.82236,6.8629,32.000,57.930,1190.0,-0.033864,0.087655,0.16330,0.010146,liquid
126.19,2.9026,24946.,4.0086e-05,0.81790,0.82953,6.9190,31.992,57.952,1188.7,-0.033780,0.087448,0.16313,0.010122,liquid
126.32,2.9254,24934.,4.0106e-05,0.82497,0.83670,6.9751,31.985,57.974,1187.4,-0.033696,0.087241,0.16295,0.010099,liquid
126.44,2.9484,24922.,4.0126e-05,0.83205,0.84388,7.0312,31.977,57.997,1186.1,-0.033612,0.087034,0.16278,0.010076,liquid
126.56,2.9715,24909.,4.0145e-05,0.83913,0.85105,7.0872,31.969,58.019,1184.8,-0.033527,0.086828,0.16260,0.010053,liquid
126.69,2.9947,24897.,4.0165e-05,0.84621,0.85823,7.1431,31.961,58.042,1183.5,-0.033442,0.086623,0.16242,0.010029,liquid
126.81,3.0181,24885.,4.0185e-05,0.85329,0.86542,7.1991,31.954,58.064,1182.2,-0.033357,0.086418,0.16225,0.010006,liquid
126.93,3.0416,24873.,4.0205e-05,0.86038,0.87260,7.2550,31.946,58.087,1180.9,-0.033271,0.086214,0.16207,0.0099828,liquid
127.06,3.0652,24860.,4.0225e-05,0.86746,0.87979,7.3108,31.938,58.110,1179.6,-0.033185,0.086011,0.16190,0.0099596,liquid
127.18,3.0890,24848.,4.0245e-05,0.87455,0.88699,7.3667,31.930,58.132,1178.3,-0.033098,0.085808,0.16172,0.0099364,liquid
127.30,3.1129,24836.,4.0265e-05,0.88165,0.89418,7.4225,31.923,58.155,1177.0,-0.033011,0.085605,0.16155,0.0099131,liquid
127.42,3.1370,24823.,4.0285e-05,0.88874,0.90138,7.4782,31.915,58.178,1175.7,-0.032924,0.085403,0.16137,0.0098899,liquid
127.55,3.1612,24811.,4.0305e-05,0.89584,0.90858,7.5339,31.907,58.202,1174.4,-0.032836,0.085202,0.16120,0.0098667,liquid
127.67,3.1855,24798.,4.0325e-05,0.90294,0.91579,7.5896,31.900,58.225,1173.0,-0.032748,0.085001,0.16102,0.0098435,liquid
127.79,3.2100,24786.,4.0345e-05,0.91004,0.92299,7.6453,31.892,58.248,1171.7,-0.032660,0.084801,0.16084,0.0098203,liquid
127.92,3.2346,24774.,4.0365e-05,0.91715,0.93020,7.7009,31.885,58.272,1170.4,-0.032571,0.084601,0.16067,0.0097971,liquid
128.04,3.2593,24761.,4.0386e-05,0.92425,0.93742,7.7565,31.877,58.295,1169.1,-0.032482,0.084402,0.16049,0.0097739,liquid
128.16,3.2842,24749.,4.0406e-05,0.93136,0.94463,7.8120,31.869,58.319,1167.8,-0.032393,0.084203,0.16032,0.0097508,liquid
128.29,3.3092,24736.,4.0426e-05,0.93847,0.95185,7.8675,31.862,58.342,1166.5,-0.032303,0.084005,0.16014,0.0097276,liquid
128.41,3.3344,24724.,4.0447e-05,0.94559,0.95908,7.9230,31.854,58.366,1165.2,-0.032212,0.083807,0.15997,0.0097044,liquid
128.53,3.3597,24711.,4.0467e-05,0.95271,0.96630,7.9785,31.847,58.390,1163.8,-0.032121,0.083610,0.15979,0.0096813,liquid
128.65,3.3851,24699.,4.0488e-05,0.95982,0.97353,8.0339,31.839,58.414,1162.5,-0.032030,0.083414,0.15961,0.0096582,liquid
128.78,3.4107,24686.,4.0508e-05,0.96695,0.98076,8.0893,31.832,58.438,1161.2,-0.031939,0.083218,0.15944,0.0096350,liquid
128.90,3.4365,24674.,4.0529e-05,0.97407,0.98800,8.1446,31.824,58.463,1159.9,-0.031847,0.083023,0.15926,0.0096119,liquid
129.02,3.4624,24661.,4.0549e-05,0.98120,0.99523,8.1999,31.817,58.487,1158.6,-0.031755,0.082828,0.15909,0.0095888,liquid
129.15,3.4884,24649.,4.0570e-05,0.98832,1.0025,8.2552,31.809,58.511,1157.3,-0.031662,0.082633,0.15891,0.0095657,liquid
129.27,3.5146,24636.,4.0590e-05,0.99545,1.0097,8.3104,31.802,58.536,1155.9,-0.031569,0.082440,0.15874,0.0095426,liquid
129.39,3.5409,24624.,4.0611e-05,1.0026,1.0170,8.3657,31.794,58.561,1154.6,-0.031475,0.082246,0.15856,0.0095195,liquid
129.51,3.5673,24611.,4.0632e-05,1.0097,1.0242,8.4208,31.787,58.585,1153.3,-0.031381,0.082053,0.15838,0.0094964,liquid
129.64,3.5939,24599.,4.0652e-05,1.0169,1.0315,8.4760,31.779,58.610,1152.0,-0.031287,0.081861,0.15821,0.0094733,liquid
129.76,3.6207,24586.,4.0673e-05,1.0240,1.0387,8.5311,31.772,58.635,1150.7,-0.031192,0.081669,0.15803,0.0094503,liquid
129.88,3.6476,24574.,4.0694e-05,1.0311,1.0460,8.5862,31.764,58.660,1149.3,-0.031097,0.081478,0.15786,0.0094272,liquid
130.01,3.6746,24561.,4.0715e-05,1.0383,1.0533,8.6412,31.757,58.685,1148.0,-0.031001,0.081288,0.15768,0.0094042,liquid
130.13,3.7018,24548.,4.0736e-05,1.0454,1.0605,8.6963,31.750,58.711,1146.7,-0.030905,0.081097,0.15751,0.0093811,liquid
130.25,3.7292,24536.,4.0757e-05,1.0526,1.0678,8.7512,31.742,58.736,1145.4,-0.030809,0.080908,0.15733,0.0093581,liquid
130.38,3.7567,24523.,4.0778e-05,1.0597,1.0751,8.8062,31.735,58.762,1144.0,-0.030712,0.080719,0.15715,0.0093351,liquid
130.50,3.7843,24510.,4.0799e-05,1.0669,1.0823,8.8611,31.728,58.787,1142.7,-0.030615,0.080530,0.15698,0.0093121,liquid
130.62,3.8121,24498.,4.0820e-05,1.0741,1.0896,8.9160,31.720,58.813,1141.4,-0.030517,0.080342,0.15680,0.0092890,liquid
130.74,3.8400,24485.,4.0841e-05,1.0812,1.0969,8.9709,31.713,58.839,1140.0,-0.030419,0.080154,0.15663,0.0092660,liquid
130.87,3.8681,24472.,4.0862e-05,1.0884,1.1042,9.0257,31.706,58.865,1138.7,-0.030320,0.079967,0.15645,0.0092431,liquid
130.99,3.8964,24460.,4.0884e-05,1.0956,1.1115,9.0805,31.698,58.891,1137.4,-0.030221,0.079780,0.15628,0.0092201,liquid
131.11,3.9248,24447.,4.0905e-05,1.1027,1.1188,9.1353,31.691,58.917,1136.1,-0.030122,0.079594,0.15610,0.0091971,liquid
131.24,3.9533,24434.,4.0926e-05,1.1099,1.1261,9.1900,31.684,58.943,1134.7,-0.030022,0.079409,0.15592,0.0091741,liquid
131.36,3.9820,24421.,4.0948e-05,1.1171,1.1334,9.2447,31.677,58.970,1133.4,-0.029921,0.079223,0.15575,0.0091512,liquid
131.48,4.0109,24409.,4.0969e-05,1.1242,1.1407,9.2994,31.669,58.996,1132.1,-0.029821,0.079039,0.15557,0.0091282,liquid
131.60,4.0399,24396.,4.0990e-05,1.1314,1.1480,9.3540,31.662,59.023,1130.7,-0.029719,0.078855,0.15540,0.0091053,liquid
131.73,4.0690,24383.,4.1012e-05,1.1386,1.1553,9.4086,31.655,59.050,1129.4,-0.029618,0.078671,0.15522,0.0090824,liquid
131.85,4.0984,24370.,4.1033e-05,1.1458,1.1626,9.4632,31.648,59.077,1128.1,-0.029515,0.078488,0.15505,0.0090594,liquid
131.97,4.1278,24358.,4.1055e-05,1.1530,1.1699,9.5178,31.641,59.104,1126.7,-0.029413,0.078305,0.15487,0.0090365,liquid
132.10,4.1575,24345.,4.1077e-05,1.1602,1.1772,9.5723,31.633,59.131,1125.4,-0.029310,0.078123,0.15469,0.0090136,liquid
132.22,4.1872,24332.,4.1098e-05,1.1674,1.1846,9.6268,31.626,59.158,1124.0,-0.029206,0.077941,0.15452,0.0089907,liquid
132.34,4.2172,24319.,4.1120e-05,1.1746,1.1919,9.6812,31.619,59.186,1122.7,-0.029102,0.077760,0.15434,0.0089678,liquid
132.47,4.2473,24306.,4.1142e-05,1.1818,1.1992,9.7357,31.612,59.213,1121.4,-0.028998,0.077579,0.15417,0.0089450,liquid
132.59,4.2775,24293.,4.1164e-05,1.1890,1.2066,9.7901,31.605,59.241,1120.0,-0.028893,0.077399,0.15399,0.0089221,liquid
132.71,4.3080,24280.,4.1185e-05,1.1962,1.2139,9.8444,31.598,59.268,1118.7,-0.028787,0.077219,0.15382,0.0088992,liquid
132.83,4.3385,24268.,4.1207e-05,1.2034,1.2212,9.8988,31.591,59.296,1117.3,-0.028681,0.077040,0.15364,0.0088764,liquid
132.96,4.3693,24255.,4.1229e-05,1.2106,1.2286,9.9531,31.584,59.324,1116.0,-0.028575,0.076861,0.15346,0.0088535,liquid
133.08,4.4002,24242.,4.1251e-05,1.2178,1.2359,10.007,31.577,59.353,1114.7,-0.028468,0.076682,0.15329,0.0088307,liquid
133.20,4.4312,24229.,4.1273e-05,1.2250,1.2433,10.062,31.570,59.381,1113.3,-0.028361,0.076504,0.15311,0.0088079,liquid
133.33,4.4624,24216.,4.1295e-05,1.2322,1.2506,10.116,31.563,59.409,1112.0,-0.028253,0.076327,0.15294,0.0087850,liquid
133.45,4.4938,24203.,4.1317e-05,1.2394,1.2580,10.170,31.556,59.438,1110.6,-0.028145,0.076150,0.15276,0.0087622,liquid
133.57,4.5253,24190.,4.1340e-05,1.2467,1.2654,10.224,31.549,59.466,1109.3,-0.028036,0.075973,0.15259,0.0087394,liquid
133.70,4.5570,24177.,4.1362e-05,1.2539,1.2727,10.278,31.542,59.495,1107.9,-0.027926,0.075797,0.15241,0.0087167,liquid
133.82,4.5889,24164.,4.1384e-05,1.2611,1.2801,10.333,31.535,59.524,1106.6,-0.027817,0.075622,0.15224,0.0086939,liquid
133.94,4.6209,24151.,4.1406e-05,1.2683,1.2875,10.387,31.528,59.553,1105.2,-0.027706,0.075447,0.15206,0.0086711,liquid
134.06,4.6531,24138.,4.1429e-05,1.2756,1.2948,10.441,31.521,59.582,1103.9,-0.027595,0.075272,0.15188,0.0086483,liquid
134.19,4.6855,24125.,4.1451e-05,1.2828,1.3022,10.495,31.514,59.612,1102.5,-0.027484,0.075098,0.15171,0.0086256,liquid
134.31,4.7180,24112.,4.1474e-05,1.2900,1.3096,10.549,31.507,59.641,1101.2,-0.027372,0.074924,0.15153,0.0086028,liquid
134.43,4.7507,24099.,4.1496e-05,1.2973,1.3170,10.603,31.500,59.671,1099.8,-0.027260,0.074751,0.15136,0.0085801,liquid
134.56,4.7835,24086.,4.1519e-05,1.3045,1.3244,10.657,31.493,59.700,1098.5,-0.027147,0.074578,0.15118,0.0085574,liquid
134.68,4.8165,24072.,4.1541e-05,1.3118,1.3318,10.711,31.487,59.730,1097.1,-0.027033,0.074405,0.15101,0.0085347,liquid
134.80,4.8497,24059.,4.1564e-05,1.3190,1.3392,10.764,31.480,59.760,1095.8,-0.026920,0.074233,0.15083,0.0085120,liquid
134.92,4.8831,24046.,4.1587e-05,1.3263,1.3466,10.818,31.473,59.790,1094.4,-0.026805,0.074062,0.15065,0.0084893,liquid
135.05,4.9166,24033.,4.1609e-05,1.3335,1.3540,10.872,31.466,59.821,1093.0,-0.026690,0.073891,0.15048,0.0084666,liquid
135.17,4.9503,24020.,4.1632e-05,1.3408,1.3614,10.926,31.459,59.851,1091.7,-0.026575,0.073720,0.15030,0.0084439,liquid
135.29,4.9841,24007.,4.1655e-05,1.3481,1.3688,10.980,31.453,59.882,1090.3,-0.026459,0.073550,0.15013,0.0084212,liquid
135.42,5.0181,23994.,4.1678e-05,1.3553,1.3762,11.034,31.446,59.912,1089.0,-0.026342,0.073380,0.14995,0.0083986,liquid
135.54,5.0523,23980.,4.1701e-05,1.3626,1.3837,11.087,31.439,59.943,1087.6,-0.026225,0.073211,0.14978,0.0083759,liquid
135.66,5.0867,23967.,4.1724e-05,1.3699,1.3911,11.141,31.432,59.974,1086.2,-0.026107,0.073042,0.14960,0.0083533,liquid
135.79,5.1212,23954.,4.1747e-05,1.3771,1.3985,11.195,31.426,60.005,1084.9,-0.025989,0.072873,0.14943,0.0083306,liquid
135.91,5.1559,23941.,4.1770e-05,1.3844,1.4060,11.248,31.419,60.037,1083.5,-0.025870,0.072705,0.14925,0.0083080,liquid
136.03,5.1908,23927.,4.1793e-05,1.3917,1.4134,11.302,31.412,60.068,1082.2,-0.025751,0.072538,0.14907,0.0082854,liquid
136.15,5.2259,23914.,4.1816e-05,1.3990,1.4208,11.356,31.406,60.100,1080.8,-0.025631,0.072371,0.14890,0.0082628,liquid
136.28,5.2611,23901.,4.1840e-05,1.4063,1.4283,11.409,31.399,60.131,1079.4,-0.025510,0.072204,0.14872,0.0082402,liquid
136.40,5.2965,23888.,4.1863e-05,1.4136,1.4357,11.463,31.392,60.163,1078.1,-0.025389,0.072038,0.14855,0.0082176,liquid
136.52,5.3320,23874.,4.1886e-05,1.4209,1.4432,11.516,31.386,60.195,1076.7,-0.025268,0.071872,0.14837,0.0081950,liquid
136.65,5.3678,23861.,4.1910e-05,1.4282,1.4506,11.570,31.379,60.228,1075.3,-0.025146,0.071706,0.14820,0.0081725,liquid
136.77,5.4037,23848.,4.1933e-05,1.4355,1.4581,11.623,31.373,60.260,1074.0,-0.025023,0.071541,0.14802,0.0081499,liquid
136.89,5.4398,23834.,4.1957e-05,1.4428,1.4656,11.677,31.366,60.292,1072.6,-0.024899,0.071377,0.14785,0.0081274,liquid
137.02,5.4761,23821.,4.1980e-05,1.4501,1.4730,11.730,31.360,60.325,1071.2,-0.024776,0.071213,0.14767,0.0081048,liquid
137.14,5.5125,23807.,4.2004e-05,1.4574,1.4805,11.783,31.353,60.358,1069.8,-0.024651,0.071049,0.14749,0.0080823,liquid
137.26,5.5491,23794.,4.2027e-05,1.4647,1.4880,11.837,31.347,60.391,1068.5,-0.024526,0.070886,0.14732,0.0080598,liquid
137.38,5.5859,23781.,4.2051e-05,1.4720,1.4955,11.890,31.340,60.424,1067.1,-0.024400,0.070723,0.14714,0.0080373,liquid
137.51,5.6229,23767.,4.2075e-05,1.4793,1.5030,11.944,31.334,60.457,1065.7,-0.024274,0.070560,0.14697,0.0080148,liquid
137.63,5.6601,23754.,4.2099e-05,1.4866,1.5105,11.997,31.327,60.491,1064.4,-0.024147,0.070398,0.14679,0.0079923,liquid
137.75,5.6974,23740.,4.2123e-05,1.4940,1.5180,12.050,31.321,60.525,1063.0,-0.024020,0.070237,0.14662,0.0079698,liquid
137.88,5.7349,23727.,4.2147e-05,1.5013,1.5254,12.103,31.314,60.558,1061.6,-0.023892,0.070075,0.14644,0.0079474,liquid
138.00,5.7726,23713.,4.2171e-05,1.5086,1.5330,12.157,31.308,60.592,1060.2,-0.023763,0.069914,0.14627,0.0079249,liquid
138.12,5.8105,23700.,4.2195e-05,1.5159,1.5405,12.210,31.301,60.626,1058.8,-0.023633,0.069754,0.14609,0.0079024,liquid
138.24,5.8485,23686.,4.2219e-05,1.5233,1.5480,12.263,31.295,60.661,1057.5,-0.023504,0.069594,0.14592,0.0078800,liquid
138.37,5.8868,23673.,4.2243e-05,1.5306,1.5555,12.316,31.289,60.695,1056.1,-0.023373,0.069434,0.14574,0.0078576,liquid
138.49,5.9252,23659.,4.2267e-05,1.5380,1.5630,12.369,31.282,60.730,1054.7,-0.023242,0.069275,0.14557,0.0078352,liquid
138.61,5.9638,23645.,4.2291e-05,1.5453,1.5705,12.423,31.276,60.765,1053.3,-0.023110,0.069116,0.14539,0.0078128,liquid
138.74,6.0026,23632.,4.2316e-05,1.5527,1.5781,12.476,31.270,60.800,1051.9,-0.022977,0.068958,0.14521,0.0077904,liquid
138.86,6.0416,23618.,4.2340e-05,1.5600,1.5856,12.529,31.264,60.835,1050.6,-0.022844,0.068800,0.14504,0.0077680,liquid
138.98,6.0807,23605.,4.2365e-05,1.5674,1.5931,12.582,31.257,60.870,1049.2,-0.022711,0.068642,0.14486,0.0077456,liquid
139.11,6.1200,23591.,4.2389e-05,1.5747,1.6007,12.635,31.251,60.906,1047.8,-0.022576,0.068485,0.14469,0.0077232,liquid
139.23,6.1596,23577.,4.2414e-05,1.5821,1.6082,12.688,31.245,60.941,1046.4,-0.022441,0.068328,0.14451,0.0077009,liquid
139.35,6.1993,23564.,4.2438e-05,1.5895,1.6158,12.741,31.239,60.977,1045.0,-0.022305,0.068172,0.14434,0.0076785,liquid
139.47,6.2392,23550.,4.2463e-05,1.5968,1.6233,12.794,31.232,61.013,1043.6,-0.022169,0.068016,0.14416,0.0076562,liquid
139.60,6.2792,23536.,4.2488e-05,1.6042,1.6309,12.847,31.226,61.049,1042.2,-0.022032,0.067860,0.14399,0.0076339,liquid
139.72,6.3195,23523.,4.2512e-05,1.6116,1.6384,12.900,31.220,61.086,1040.8,-0.021894,0.067705,0.14381,0.0076115,liquid
139.84,6.3600,23509.,4.2537e-05,1.6189,1.6460,12.953,31.214,61.122,1039.4,-0.021756,0.067550,0.14364,0.0075892,liquid
139.97,6.4006,23495.,4.2562e-05,1.6263,1.6536,13.005,31.208,61.159,1038.1,-0.021617,0.067396,0.14346,0.0075669,liquid
140.09,6.4414,23481.,4.2587e-05,1.6337,1.6612,13.058,31.202,61.196,1036.7,-0.021477,0.067242,0.14329,0.0075447,liquid
140.21,6.4825,23467.,4.2612e-05,1.6411,1.6687,13.111,31.196,61.233,1035.3,-0.021337,0.067088,0.14311,0.0075224,liquid
140.34,6.5237,23454.,4.2637e-05,1.6485,1.6763,13.164,31.190,61.270,1033.9,-0.021196,0.066935,0.14294,0.0075001,liquid
140.46,6.5651,23440.,4.2662e-05,1.6559,1.6839,13.217,31.184,61.308,1032.5,-0.021054,0.066782,0.14276,0.0074779,liquid
140.58,6.6067,23426.,4.2688e-05,1.6633,1.6915,13.270,31.177,61.346,1031.1,-0.020911,0.066629,0.14258,0.0074556,liquid
140.70,6.6484,23412.,4.2713e-05,1.6707,1.6991,13.322,31.171,61.384,1029.7,-0.020768,0.066477,0.14241,0.0074334,liquid
140.83,6.6904,23398.,4.2738e-05,1.6781,1.7067,13.375,31.165,61.422,1028.3,-0.020624,0.066325,0.14223,0.0074112,liquid
140.95,6.7326,23384.,4.2764e-05,1.6855,1.7143,13.428,31.160,61.460,1026.9,-0.020480,0.066174,0.14206,0.0073890,liquid
141.07,6.7749,23370.,4.2789e-05,1.6929,1.7219,13.480,31.154,61.498,1025.5,-0.020334,0.066023,0.14188,0.0073668,liquid
141.20,6.8175,23356.,4.2815e-05,1.7004,1.7295,13.533,31.148,61.537,1024.1,-0.020188,0.065872,0.14171,0.0073446,liquid
141.32,6.8602,23343.,4.2840e-05,1.7078,1.7372,13.586,31.142,61.576,1022.7,-0.020042,0.065722,0.14153,0.0073224,liquid
141.44,6.9032,23329.,4.2866e-05,1.7152,1.7448,13.638,31.136,61.615,1021.3,-0.019894,0.065572,0.14136,0.0073002,liquid
141.56,6.9463,23315.,4.2892e-05,1.7226,1.7524,13.691,31.130,61.654,1019.9,-0.019746,0.065423,0.14118,0.0072781,liquid
141.69,6.9896,23301.,4.2917e-05,1.7301,1.7601,13.744,31.124,61.694,1018.5,-0.019597,0.065273,0.14101,0.0072559,liquid
141.81,7.0331,23287.,4.2943e-05,1.7375,1.7677,13.796,31.118,61.734,1017.0,-0.019447,0.065125,0.14083,0.0072338,liquid
141.93,7.0769,23273.,4.2969e-05,1.7449,1.7753,13.849,31.112,61.773,1015.6,-0.019297,0.064976,0.14066,0.0072116,liquid
142.06,7.1208,23259.,4.2995e-05,1.7524,1.7830,13.901,31.107,61.814,1014.2,-0.019145,0.064828,0.14048,0.0071895,liquid
142.18,7.1649,23244.,4.3021e-05,1.7598,1.7906,13.954,31.101,61.854,1012.8,-0.018993,0.064680,0.14031,0.0071674,liquid
142.30,7.2092,23230.,4.3047e-05,1.7673,1.7983,14.006,31.095,61.894,1011.4,-0.018840,0.064533,0.14013,0.0071453,liquid
142.43,7.2537,23216.,4.3073e-05,1.7747,1.8060,14.059,31.089,61.935,1010.0,-0.018687,0.064386,0.13996,0.0071232,liquid
142.55,7.2984,23202.,4.3100e-05,1.7822,1.8136,14.111,31.084,61.976,1008.6,-0.018533,0.064240,0.13978,0.0071012,liquid
142.67,7.3433,23188.,4.3126e-05,1.7896,1.8213,14.164,31.078,62.017,1007.2,-0.018378,0.064093,0.13961,0.0070791,liquid
142.79,7.3884,23174.,4.3152e-05,1.7971,1.8290,14.216,31.072,62.059,1005.7,-0.018222,0.063947,0.13943,0.0070571,liquid
142.92,7.4338,23160.,4.3179e-05,1.8046,1.8367,14.269,31.067,62.100,1004.3,-0.018065,0.063802,0.13926,0.0070350,liquid
143.04,7.4793,23145.,4.3205e-05,1.8121,1.8444,14.321,31.061,62.142,1002.9,-0.017908,0.063657,0.13908,0.0070130,liquid
143.16,7.5250,23131.,4.3232e-05,1.8195,1.8521,14.373,31.055,62.184,1001.5,-0.017749,0.063512,0.13891,0.0069910,liquid
143.29,7.5709,23117.,4.3258e-05,1.8270,1.8598,14.426,31.050,62.227,1000.1,-0.017590,0.063367,0.13873,0.0069690,liquid
143.41,7.6170,23103.,4.3285e-05,1.8345,1.8675,14.478,31.044,62.269,998.65,-0.017430,0.063223,0.13856,0.0069470,liquid
143.53,7.6633,23088.,4.3312e-05,1.8420,1.8752,14.531,31.039,62.312,997.23,-0.017270,0.063080,0.13838,0.0069250,liquid
143.65,7.7099,23074.,4.3338e-05,1.8495,1.8829,14.583,31.033,62.355,995.81,-0.017108,0.062936,0.13821,0.0069030,liquid
143.78,7.7566,23060.,4.3365e-05,1.8570,1.8906,14.635,31.028,62.398,994.39,-0.016946,0.062793,0.13803,0.0068811,liquid
143.90,7.8035,23046.,4.3392e-05,1.8645,1.8983,14.687,31.022,62.441,992.96,-0.016782,0.062650,0.13786,0.0068591,liquid
144.02,7.8506,23031.,4.3419e-05,1.8720,1.9061,14.740,31.017,62.485,991.53,-0.016618,0.062508,0.13768,0.0068372,liquid
144.15,7.8980,23017.,4.3446e-05,1.8795,1.9138,14.792,31.011,62.529,990.11,-0.016454,0.062366,0.13751,0.0068153,liquid
144.27,7.9455,23002.,4.3474e-05,1.8870,1.9215,14.844,31.006,62.573,988.68,-0.016288,0.062224,0.13733,0.0067933,liquid
144.39,7.9933,22988.,4.3501e-05,1.8945,1.9293,14.896,31.001,62.617,987.25,-0.016121,0.062083,0.13716,0.0067714,liquid
144.52,8.0413,22974.,4.3528e-05,1.9020,1.9370,14.949,30.995,62.662,985.82,-0.015954,0.061942,0.13698,0.0067495,liquid
144.64,8.0894,22959.,4.3556e-05,1.9096,1.9448,15.001,30.990,62.707,984.39,-0.015785,0.061802,0.13681,0.0067277,liquid
144.76,8.1378,22945.,4.3583e-05,1.9171,1.9526,15.053,30.985,62.752,982.95,-0.015616,0.061661,0.13663,0.0067058,liquid
144.88,8.1864,22930.,4.3611e-05,1.9246,1.9603,15.105,30.979,62.797,981.52,-0.015446,0.061521,0.13646,0.0066839,liquid
145.01,8.2352,22916.,4.3638e-05,1.9322,1.9681,15.157,30.974,62.843,980.09,-0.015275,0.061382,0.13628,0.0066621,liquid
145.13,8.2842,22901.,4.3666e-05,1.9397,1.9759,15.209,30.969,62.889,978.65,-0.015103,0.061242,0.13611,0.0066403,liquid
145.25,8.3334,22887.,4.3694e-05,1.9472,1.9836,15.262,30.963,62.935,977.21,-0.014931,0.061103,0.13593,0.0066184,liquid
145.38,8.3828,22872.,4.3721e-05,1.9548,1.9914,15.314,30.958,62.981,975.77,-0.014757,0.060965,0.13576,0.0065966,liquid
145.50,8.4325,22858.,4.3749e-05,1.9623,1.9992,15.366,30.953,63.028,974.33,-0.014582,0.060826,0.13558,0.0065748,liquid
145.62,8.4823,22843.,4.3777e-05,1.9699,2.0070,15.418,30.948,63.075,972.89,-0.014407,0.060689,0.13541,0.0065530,liquid
145.75,8.5324,22828.,4.3805e-05,1.9775,2.0148,15.470,30.943,63.122,971.45,-0.014230,0.060551,0.13523,0.0065313,liquid
145.87,8.5827,22814.,4.3833e-05,1.9850,2.0226,15.522,30.938,63.170,970.01,-0.014053,0.060414,0.13506,0.0065095,liquid
145.99,8.6332,22799.,4.3862e-05,1.9926,2.0305,15.574,30.932,63.217,968.57,-0.013875,0.060277,0.13488,0.0064877,liquid
146.11,8.6839,22784.,4.3890e-05,2.0002,2.0383,15.626,30.927,63.265,967.12,-0.013695,0.060140,0.13471,0.0064660,liquid
146.24,8.7348,22770.,4.3918e-05,2.0077,2.0461,15.678,30.922,63.313,965.67,-0.013515,0.060004,0.13453,0.0064443,liquid
146.36,8.7859,22755.,4.3947e-05,2.0153,2.0539,15.730,30.917,63.362,964.23,-0.013334,0.059868,0.13436,0.0064226,liquid
146.48,8.8373,22740.,4.3975e-05,2.0229,2.0618,15.782,30.912,63.411,962.78,-0.013152,0.059732,0.13418,0.0064009,liquid
146.61,8.8888,22725.,4.4004e-05,2.0305,2.0696,15.834,30.907,63.460,961.33,-0.012969,0.059597,0.13401,0.0063792,liquid
146.73,8.9406,22711.,4.4032e-05,2.0381,2.0775,15.886,30.902,63.509,959.88,-0.012785,0.059462,0.13383,0.0063575,liquid
146.85,8.9926,22696.,4.4061e-05,2.0457,2.0853,15.938,30.897,63.559,958.43,-0.012600,0.059327,0.13366,0.0063358,liquid
146.97,9.0448,22681.,4.4090e-05,2.0533,2.0932,15.990,30.892,63.609,956.97,-0.012414,0.059193,0.13348,0.0063142,liquid
147.10,9.0973,22666.,4.4119e-05,2.0609,2.1010,16.042,30.888,63.659,955.52,-0.012227,0.059059,0.13331,0.0062925,liquid
147.22,9.1499,22651.,4.4148e-05,2.0685,2.1089,16.094,30.883,63.709,954.06,-0.012039,0.058925,0.13313,0.0062709,liquid
147.34,9.2028,22636.,4.4177e-05,2.0761,2.1168,16.146,30.878,63.760,952.61,-0.011850,0.058791,0.13296,0.0062493,liquid
147.47,9.2559,22621.,4.4206e-05,2.0838,2.1247,16.197,30.873,63.811,951.15,-0.011660,0.058658,0.13278,0.0062276,liquid
147.59,9.3092,22606.,4.4235e-05,2.0914,2.1326,16.249,30.868,63.862,949.69,-0.011468,0.058525,0.13261,0.0062060,liquid
147.71,9.3627,22591.,4.4265e-05,2.0990,2.1405,16.301,30.863,63.914,948.23,-0.011276,0.058393,0.13243,0.0061845,liquid
147.84,9.4165,22576.,4.4294e-05,2.1066,2.1484,16.353,30.859,63.966,946.77,-0.011083,0.058261,0.13226,0.0061629,liquid
147.96,9.4705,22561.,4.4323e-05,2.1143,2.1563,16.405,30.854,64.018,945.31,-0.010889,0.058129,0.13208,0.0061413,liquid
148.08,9.5247,22546.,4.4353e-05,2.1219,2.1642,16.457,30.849,64.071,943.84,-0.010694,0.057997,0.13191,0.0061198,liquid
148.20,9.5791,22531.,4.4383e-05,2.1296,2.1721,16.508,30.845,64.124,942.38,-0.010497,0.057866,0.13173,0.0060983,liquid
148.33,9.6338,22516.,4.4412e-05,2.1372,2.1800,16.560,30.840,64.177,940.91,-0.010300,0.057735,0.13156,0.0060767,liquid
148.45,9.6886,22501.,4.4442e-05,2.1449,2.1879,16.612,30.835,64.230,939.44,-0.010101,0.057604,0.13138,0.0060552,liquid
148.57,9.7437,22486.,4.4472e-05,2.1525,2.1959,16.664,30.831,64.284,937.98,-0.0099017,0.057474,0.13121,0.0060337,liquid
148.70,9.7991,22471.,4.4502e-05,2.1602,2.2038,16.716,30.826,64.338,936.51,-0.0097010,0.057344,0.13103,0.0060122,liquid
148.82,9.8546,22456.,4.4532e-05,2.1679,2.2118,16.767,30.822,64.393,935.04,-0.0094991,0.057214,0.13086,0.0059908,liquid
148.94,9.9104,22441.,4.4562e-05,2.1756,2.2197,16.819,30.817,64.447,933.56,-0.0092962,0.057085,0.13068,0.0059693,liquid
149.07,9.9664,22425.,4.4592e-05,2.1832,2.2277,16.871,30.813,64.502,932.09,-0.0090922,0.056956,0.13051,0.0059479,liquid
149.19,10.023,22410.,4.4623e-05,2.1909,2.2357,16.923,30.808,64.558,930.61,-0.0088870,0.056827,0.13033,0.0059264,liquid
149.31,10.079,22395.,4.4653e-05,2.1986,2.2436,16.974,30.804,64.614,929.14,-0.0086807,0.056698,0.13016,0.0059050,liquid
149.43,10.136,22380.,4.4684e-05,2.2063,2.2516,17.026,30.799,64.670,927.66,-0.0084732,0.056570,0.12998,0.0058836,liquid
149.56,10.193,22364.,4.4714e-05,2.2140,2.2596,17.078,30.795,64.726,926.18,-0.0082646,0.056442,0.12981,0.0058622,liquid
149.68,10.250,22349.,4.4745e-05,2.2217,2.2676,17.130,30.791,64.783,924.70,-0.0080548,0.056315,0.12963,0.0058408,liquid
149.80,10.307,22334.,4.4776e-05,2.2294,2.2756,17.181,30.786,64.840,923.22,-0.0078438,0.056187,0.12946,0.0058194,liquid
149.93,10.365,22318.,4.4806e-05,2.2372,2.2836,17.233,30.782,64.897,921.74,-0.0076316,0.056060,0.12928,0.0057981,liquid
150.05,10.423,22303.,4.4837e-05,2.2449,2.2916,17.285,30.778,64.955,920.26,-0.0074183,0.055933,0.12911,0.0057767,liquid
150.17,10.481,22287.,4.4868e-05,2.2526,2.2996,17.336,30.774,65.013,918.77,-0.0072038,0.055807,0.12894,0.0057554,liquid
150.29,10.539,22272.,4.4899e-05,2.2603,2.3076,17.388,30.769,65.072,917.29,-0.0069880,0.055681,0.12876,0.0057341,liquid
150.42,10.598,22257.,4.4931e-05,2.2681,2.3157,17.440,30.765,65.131,915.80,-0.0067710,0.055555,0.12859,0.0057128,liquid
150.54,10.656,22241.,4.4962e-05,2.2758,2.3237,17.491,30.761,65.190,914.31,-0.0065528,0.055429,0.12841,0.0056915,liquid
150.66,10.715,22225.,4.4993e-05,2.2835,2.3318,17.543,30.757,65.249,912.82,-0.0063334,0.055304,0.12824,0.0056702,liquid
150.79,10.775,22210.,4.5025e-05,2.2913,2.3398,17.595,30.753,65.309,911.33,-0.0061127,0.055179,0.12806,0.0056490,liquid
150.91,10.834,22194.,4.5056e-05,2.2991,2.3479,17.646,30.749,65.370,909.83,-0.0058908,0.055054,0.12789,0.0056277,liquid
151.03,10.894,22179.,4.5088e-05,2.3068,2.3559,17.698,30.745,65.430,908.34,-0.0056675,0.054930,0.12771,0.0056065,liquid
151.16,10.954,22163.,4.5120e-05,2.3146,2.3640,17.750,30.741,65.492,906.85,-0.0054431,0.054805,0.12754,0.0055852,liquid
151.28,11.014,22148.,4.5152e-05,2.3223,2.3721,17.801,30.737,65.553,905.35,-0.0052173,0.054681,0.12736,0.0055640,liquid
151.40,11.074,22132.,4.5184e-05,2.3301,2.3802,17.853,30.733,65.615,903.85,-0.0049902,0.054558,0.12719,0.0055428,liquid
151.52,11.135,22116.,4.5216e-05,2.3379,2.3883,17.904,30.729,65.677,902.35,-0.0047618,0.054434,0.12701,0.0055216,liquid
151.65,11.196,22100.,4.5248e-05,2.3457,2.3964,17.956,30.725,65.740,900.85,-0.0045321,0.054311,0.12684,0.0055005,liquid
151.77,11.257,22085.,4.5280e-05,2.3535,2.4045,18.008,30.721,65.803,899.35,-0.0043011,0.054189,0.12666,0.0054793,liquid
151.89,11.318,22069.,4.5313e-05,2.3613,2.4126,18.059,30.717,65.866,897.85,-0.0040688,0.054066,0.12649,0.0054582,liquid
152.02,11.380,22053.,4.5345e-05,2.3691,2.4207,18.111,30.713,65.930,896.34,-0.0038351,0.053944,0.12631,0.0054370,liquid
152.14,11.442,22037.,4.5378e-05,2.3769,2.4288,18.162,30.710,65.994,894.83,-0.0036000,0.053822,0.12614,0.0054159,liquid
152.26,11.504,22021.,4.5410e-05,2.3847,2.4369,18.214,30.706,66.059,893.33,-0.0033636,0.053700,0.12596,0.0053948,liquid
152.39,11.566,22006.,4.5443e-05,2.3925,2.4451,18.266,30.702,66.124,891.82,-0.0031258,0.053579,0.12579,0.0053737,liquid
152.51,11.629,21990.,4.5476e-05,2.4004,2.4532,18.317,30.699,66.189,890.31,-0.0028866,0.053457,0.12561,0.0053526,liquid
152.63,11.692,21974.,4.5509e-05,2.4082,2.4614,18.369,30.695,66.255,888.80,-0.0026459,0.053336,0.12544,0.0053316,liquid
152.75,11.755,21958.,4.5542e-05,2.4160,2.4695,18.420,30.691,66.322,887.28,-0.0024039,0.053216,0.12526,0.0053105,liquid
152.88,11.818,21942.,4.5575e-05,2.4239,2.4777,18.472,30.688,66.388,885.77,-0.0021605,0.053095,0.12509,0.0052895,liquid
153.00,11.881,21926.,4.5609e-05,2.4317,2.4859,18.523,30.684,66.455,884.25,-0.0019156,0.052975,0.12491,0.0052685,liquid
153.12,11.945,21910.,4.5642e-05,2.4396,2.4941,18.575,30.681,66.523,882.74,-0.0016693,0.052856,0.12474,0.0052475,liquid
153.25,12.009,21894.,4.5675e-05,2.4474,2.5023,18.627,30.677,66.591,881.22,-0.0014215,0.052736,0.12456,0.0052265,liquid
153.37,12.074,21877.,4.5709e-05,2.4553,2.5105,18.678,30.674,66.660,879.70,-0.0011722,0.052617,0.12439,0.0052055,liquid
153.49,12.138,21861.,4.5743e-05,2.4631,2.5187,18.730,30.670,66.729,878.18,-0.00092148,0.052498,0.12421,0.0051845,liquid
153.61,12.203,21845.,4.5777e-05,2.4710,2.5269,18.781,30.667,66.798,876.65,-0.00066924,0.052379,0.12404,0.0051636,liquid
153.74,12.268,21829.,4.5811e-05,2.4789,2.5351,18.833,30.663,66.868,875.13,-0.00041549,0.052260,0.12386,0.0051426,liquid
153.86,12.333,21813.,4.5845e-05,2.4868,2.5433,18.884,30.660,66.938,873.60,-0.00016022,0.052142,0.12369,0.0051217,liquid
153.98,12.399,21797.,4.5879e-05,2.4947,2.5516,18.936,30.657,67.009,872.08,9.6575e-05,0.052024,0.12351,0.0051008,liquid
154.11,12.465,21780.,4.5913e-05,2.5026,2.5598,18.987,30.654,67.080,870.55,0.00035492,0.051906,0.12334,0.0050799,liquid
154.23,12.531,21764.,4.5947e-05,2.5105,2.5681,19.039,30.650,67.152,869.02,0.00061482,0.051789,0.12316,0.0050590,liquid
154.35,12.597,21748.,4.5982e-05,2.5184,2.5763,19.090,30.647,67.224,867.48,0.00087629,0.051671,0.12299,0.0050381,liquid
154.48,12.663,21731.,4.6016e-05,2.5263,2.5846,19.142,30.644,67.297,865.95,0.0011394,0.051554,0.12281,0.0050173,liquid
154.60,12.730,21715.,4.6051e-05,2.5342,2.5929,19.194,30.641,67.370,864.42,0.0014040,0.051438,0.12264,0.0049964,liquid
154.72,12.797,21699.,4.6086e-05,2.5422,2.6011,19.245,30.638,67.444,862.88,0.0016703,0.051321,0.12246,0.0049756,liquid
154.84,12.864,21682.,4.6121e-05,2.5501,2.6094,19.297,30.635,67.518,861.34,0.0019382,0.051205,0.12229,0.0049548,liquid
154.97,12.932,21666.,4.6156e-05,2.5580,2.6177,19.348,30.632,67.593,859.80,0.0022077,0.051089,0.12211,0.0049340,liquid
155.09,13.000,21649.,4.6191e-05,2.5660,2.6260,19.400,30.629,67.668,858.26,0.0024789,0.050973,0.12194,0.0049132,liquid
155.21,13.068,21633.,4.6227e-05,2.5739,2.6343,19.451,30.626,67.744,856.72,0.0027517,0.050858,0.12176,0.0048925,liquid
155.34,13.136,21616.,4.6262e-05,2.5819,2.6427,19.503,30.623,67.820,855.18,0.0030262,0.050742,0.12159,0.0048717,liquid
155.46,13.205,21599.,4.6298e-05,2.5899,2.6510,19.554,30.620,67.897,853.63,0.0033024,0.050627,0.12141,0.0048510,liquid
155.58,13.274,21583.,4.6333e-05,2.5978,2.6593,19.606,30.617,67.974,852.09,0.0035804,0.050512,0.12124,0.0048303,liquid
155.71,13.343,21566.,4.6369e-05,2.6058,2.6677,19.658,30.614,68.052,850.54,0.0038600,0.050398,0.12106,0.0048096,liquid
155.83,13.412,21549.,4.6405e-05,2.6138,2.6760,19.709,30.612,68.130,848.99,0.0041414,0.050284,0.12089,0.0047889,liquid
155.95,13.481,21533.,4.6441e-05,2.6218,2.6844,19.761,30.609,68.209,847.44,0.0044245,0.050170,0.12071,0.0047682,liquid
156.07,13.551,21516.,4.6477e-05,2.6298,2.6928,19.812,30.606,68.289,845.88,0.0047094,0.050056,0.12053,0.0047475,liquid
156.20,13.621,21499.,4.6513e-05,2.6378,2.7011,19.864,30.603,68.369,844.33,0.0049961,0.049942,0.12036,0.0047269,liquid
156.32,13.692,21482.,4.6550e-05,2.6458,2.7095,19.915,30.601,68.450,842.77,0.0052846,0.049829,0.12018,0.0047062,liquid
156.44,13.762,21466.,4.6586e-05,2.6538,2.7179,19.967,30.598,68.531,841.22,0.0055749,0.049716,0.12001,0.0046856,liquid
156.57,13.833,21449.,4.6623e-05,2.6618,2.7263,20.019,30.596,68.613,839.66,0.0058670,0.049603,0.11983,0.0046650,liquid
156.69,13.904,21432.,4.6660e-05,2.6699,2.7347,20.070,30.593,68.695,838.10,0.0061610,0.049490,0.11966,0.0046444,liquid
156.81,13.976,21415.,4.6697e-05,2.6779,2.7432,20.122,30.591,68.778,836.53,0.0064568,0.049378,0.11948,0.0046239,liquid
156.93,14.048,21398.,4.6734e-05,2.6859,2.7516,20.173,30.588,68.861,834.97,0.0067545,0.049266,0.11931,0.0046033,liquid
157.06,14.119,21381.,4.6771e-05,2.6940,2.7600,20.225,30.586,68.946,833.40,0.0070541,0.049154,0.11913,0.0045828,liquid
157.18,14.192,21364.,4.6808e-05,2.7020,2.7685,20.277,30.584,69.030,831.84,0.0073557,0.049042,0.11896,0.0045623,liquid
157.30,14.264,21347.,4.6846e-05,2.7101,2.7769,20.328,30.581,69.116,830.27,0.0076591,0.048930,0.11878,0.0045417,liquid
157.43,14.337,21330.,4.6883e-05,2.7182,2.7854,20.380,30.579,69.202,828.70,0.0079645,0.048819,0.11861,0.0045212,liquid
157.55,14.410,21313.,4.6921e-05,2.7263,2.7939,20.431,30.577,69.288,827.12,0.0082719,0.048708,0.11843,0.0045008,liquid
157.67,14.483,21295.,4.6959e-05,2.7343,2.8023,20.483,30.575,69.375,825.55,0.0085812,0.048597,0.11825,0.0044803,liquid
157.80,14.557,21278.,4.6997e-05,2.7424,2.8108,20.535,30.572,69.463,823.98,0.0088925,0.048487,0.11808,0.0044599,liquid
157.92,14.630,21261.,4.7035e-05,2.7505,2.8193,20.586,30.570,69.552,822.40,0.0092059,0.048376,0.11790,0.0044394,liquid
158.04,14.704,21244.,4.7073e-05,2.7586,2.8278,20.638,30.568,69.641,820.82,0.0095213,0.048266,0.11773,0.0044190,liquid
158.16,14.779,21226.,4.7111e-05,2.7667,2.8364,20.690,30.566,69.731,819.24,0.0098387,0.048156,0.11755,0.0043986,liquid
158.29,14.853,21209.,4.7150e-05,2.7749,2.8449,20.741,30.564,69.821,817.66,0.010158,0.048047,0.11738,0.0043782,liquid
158.41,14.928,21192.,4.7189e-05,2.7830,2.8534,20.793,30.562,69.913,816.07,0.010480,0.047937,0.11720,0.0043579,liquid
158.53,15.003,21174.,4.7227e-05,2.7911,2.8620,20.845,30.560,70.005,814.49,0.010804,0.047828,0.11703,0.0043375,liquid
158.66,15.079,21157.,4.7266e-05,2.7993,2.8705,20.896,30.559,70.097,812.90,0.011129,0.047719,0.11685,0.0043172,liquid
158.78,15.154,21139.,4.7305e-05,2.8074,2.8791,20.948,30.557,70.190,811.31,0.011457,0.047610,0.11667,0.0042968,liquid
158.90,15.230,21122.,4.7345e-05,2.8156,2.8877,21.000,30.555,70.284,809.72,0.011788,0.047501,0.11650,0.0042765,liquid
159.02,15.307,21104.,4.7384e-05,2.8237,2.8963,21.052,30.553,70.379,808.13,0.012120,0.047393,0.11632,0.0042563,liquid
159.15,15.383,21087.,4.7424e-05,2.8319,2.9048,21.103,30.552,70.474,806.53,0.012454,0.047285,0.11615,0.0042360,liquid
159.27,15.460,21069.,4.7463e-05,2.8401,2.9135,21.155,30.550,70.571,804.94,0.012791,0.047177,0.11597,0.0042157,liquid
159.39,15.537,21051.,4.7503e-05,2.8483,2.9221,21.207,30.548,70.667,803.34,0.013130,0.047069,0.11580,0.0041955,liquid
159.52,15.614,21034.,4.7543e-05,2.8565,2.9307,21.259,30.547,70.765,801.74,0.013472,0.046961,0.11562,0.0041753,liquid
159.64,15.692,21016.,4.7583e-05,2.8647,2.9393,21.310,30.545,70.864,800.14,0.013815,0.046854,0.11544,0.0041551,liquid
159.76,15.770,20998.,4.7624e-05,2.8729,2.9480,21.362,30.544,70.963,798.53,0.014161,0.046747,0.11527,0.0041349,liquid
159.89,15.848,20980.,4.7664e-05,2.8811,2.9566,21.414,30.542,71.063,796.93,0.014509,0.046640,0.11509,0.0041147,liquid
160.01,15.926,20962.,4.7705e-05,2.8893,2.9653,21.466,30.541,71.163,795.32,0.014860,0.046533,0.11492,0.0040945,liquid
160.13,16.005,20944.,4.7745e-05,2.8975,2.9739,21.518,30.540,71.265,793.71,0.015213,0.046427,0.11474,0.0040744,liquid
160.25,16.084,20927.,4.7786e-05,2.9058,2.9826,21.569,30.539,71.367,792.10,0.015569,0.046320,0.11456,0.0040543,liquid
160.38,16.163,20909.,4.7827e-05,2.9140,2.9913,21.621,30.537,71.470,790.49,0.015926,0.046214,0.11439,0.0040342,liquid
160.50,16.243,20891.,4.7869e-05,2.9223,3.0000,21.673,30.536,71.574,788.88,0.016287,0.046108,0.11421,0.0040141,liquid
160.62,16.323,20872.,4.7910e-05,2.9305,3.0087,21.725,30.535,71.679,787.26,0.016649,0.046003,0.11404,0.0039940,liquid
160.75,16.403,20854.,4.7951e-05,2.9388,3.0175,21.777,30.534,71.785,785.64,0.017015,0.045897,0.11386,0.0039740,liquid
160.87,16.483,20836.,4.7993e-05,2.9471,3.0262,21.829,30.533,71.891,784.02,0.017383,0.045792,0.11368,0.0039539,liquid
160.99,16.564,20818.,4.8035e-05,2.9554,3.0349,21.881,30.532,71.998,782.40,0.017753,0.045687,0.11351,0.0039339,liquid
161.12,16.645,20800.,4.8077e-05,2.9637,3.0437,21.933,30.531,72.107,780.78,0.018126,0.045582,0.11333,0.0039139,liquid
161.24,16.726,20782.,4.8119e-05,2.9720,3.0525,21.985,30.530,72.216,779.15,0.018501,0.045477,0.11315,0.0038939,liquid
161.36,16.807,20763.,4.8162e-05,2.9803,3.0612,22.037,30.529,72.326,777.52,0.018880,0.045372,0.11298,0.0038739,liquid
161.48,16.889,20745.,4.8204e-05,2.9886,3.0700,22.089,30.529,72.437,775.89,0.019260,0.045268,0.11280,0.0038540,liquid
161.61,16.971,20727.,4.8247e-05,2.9969,3.0788,22.141,30.528,72.548,774.26,0.019644,0.045164,0.11262,0.0038340,liquid
161.73,17.054,20708.,4.8290e-05,3.0053,3.0876,22.193,30.527,72.661,772.63,0.020030,0.045060,0.11245,0.0038141,liquid
161.85,17.136,20690.,4.8333e-05,3.0136,3.0965,22.245,30.527,72.775,770.99,0.020419,0.044956,0.11227,0.0037942,liquid
161.98,17.219,20671.,4.8376e-05,3.0220,3.1053,22.297,30.526,72.889,769.36,0.020811,0.044852,0.11210,0.0037743,liquid
162.10,17.302,20653.,4.8420e-05,3.0303,3.1141,22.349,30.526,73.005,767.72,0.021205,0.044749,0.11192,0.0037545,liquid
162.22,17.386,20634.,4.8463e-05,3.0387,3.1230,22.401,30.525,73.121,766.07,0.021602,0.044646,0.11174,0.0037346,liquid
162.34,17.470,20615.,4.8507e-05,3.0471,3.1318,22.453,30.525,73.239,764.43,0.022003,0.044543,0.11157,0.0037148,liquid
162.47,17.554,20597.,4.8551e-05,3.0555,3.1407,22.505,30.524,73.358,762.79,0.022406,0.044440,0.11139,0.0036950,liquid
162.59,17.638,20578.,4.8595e-05,3.0639,3.1496,22.557,30.524,73.477,761.14,0.022812,0.044337,0.11121,0.0036752,liquid
162.71,17.723,20559.,4.8640e-05,3.0723,3.1585,22.610,30.524,73.598,759.49,0.023220,0.044234,0.11104,0.0036554,liquid
162.84,17.808,20541.,4.8684e-05,3.0807,3.1674,22.662,30.524,73.719,757.84,0.023632,0.044132,0.11086,0.0036357,liquid
162.96,17.893,20522.,4.8729e-05,3.0891,3.1763,22.714,30.524,73.842,756.18,0.024047,0.044030,0.11068,0.0036159,liquid
163.08,17.979,20503.,4.8774e-05,3.0976,3.1853,22.766,30.524,73.966,754.53,0.024465,0.043928,0.11050,0.0035962,liquid
163.21,18.065,20484.,4.8819e-05,3.1060,3.1942,22.819,30.524,74.090,752.87,0.024886,0.043826,0.11033,0.0035765,liquid
163.33,18.151,20465.,4.8864e-05,3.1145,3.2032,22.871,30.524,74.216,751.21,0.025310,0.043724,0.11015,0.0035568,liquid
163.45,18.237,20446.,4.8910e-05,3.1229,3.2121,22.923,30.524,74.343,749.55,0.025737,0.043623,0.10997,0.0035372,liquid
163.57,18.324,20427.,4.8955e-05,3.1314,3.2211,22.976,30.524,74.471,747.88,0.026167,0.043522,0.10980,0.0035175,liquid
163.70,18.411,20408.,4.9001e-05,3.1399,3.2301,23.028,30.524,74.601,746.22,0.026601,0.043420,0.10962,0.0034979,liquid
163.82,18.498,20388.,4.9047e-05,3.1484,3.2391,23.080,30.525,74.731,744.55,0.027037,0.043319,0.10944,0.0034783,liquid
163.94,18.586,20369.,4.9094e-05,3.1569,3.2481,23.133,30.525,74.863,742.88,0.027477,0.043219,0.10926,0.0034587,liquid
164.07,18.674,20350.,4.9140e-05,3.1654,3.2572,23.185,30.525,74.995,741.20,0.027920,0.043118,0.10909,0.0034391,liquid
164.19,18.762,20331.,4.9187e-05,3.1739,3.2662,23.238,30.526,75.129,739.53,0.028367,0.043018,0.10891,0.0034195,liquid
164.31,18.850,20311.,4.9234e-05,3.1825,3.2753,23.290,30.526,75.265,737.85,0.028817,0.042917,0.10873,0.0034000,liquid
164.44,18.939,20292.,4.9281e-05,3.1910,3.2843,23.343,30.527,75.401,736.17,0.029270,0.042817,0.10856,0.0033805,liquid
164.56,19.028,20272.,4.9328e-05,3.1996,3.2934,23.395,30.528,75.539,734.49,0.029727,0.042717,0.10838,0.0033610,liquid
164.68,19.118,20253.,4.9376e-05,3.2081,3.3025,23.448,30.528,75.678,732.80,0.030187,0.042617,0.10820,0.0033415,liquid
164.80,19.208,20233.,4.9424e-05,3.2167,3.3116,23.500,30.529,75.818,731.12,0.030651,0.042518,0.10802,0.0033221,liquid
164.93,19.298,20214.,4.9471e-05,3.2253,3.3207,23.553,30.530,75.959,729.43,0.031119,0.042418,0.10784,0.0033026,liquid
165.05,19.388,20194.,4.9520e-05,3.2339,3.3299,23.605,30.531,76.102,727.74,0.031589,0.042319,0.10767,0.0032832,liquid
165.17,19.478,20174.,4.9568e-05,3.2425,3.3390,23.658,30.532,76.246,726.04,0.032064,0.042219,0.10749,0.0032638,liquid
165.30,19.569,20155.,4.9617e-05,3.2511,3.3482,23.711,30.533,76.392,724.35,0.032542,0.042120,0.10731,0.0032444,liquid
165.42,19.661,20135.,4.9666e-05,3.2597,3.3574,23.764,30.534,76.539,722.65,0.033024,0.042022,0.10713,0.0032251,liquid
165.54,19.752,20115.,4.9715e-05,3.2683,3.3665,23.816,30.536,76.687,720.95,0.033510,0.041923,0.10696,0.0032057,liquid
165.66,19.844,20095.,4.9764e-05,3.2770,3.3757,23.869,30.537,76.837,719.25,0.033999,0.041824,0.10678,0.0031864,liquid
165.79,19.936,20075.,4.9813e-05,3.2856,3.3850,23.922,30.538,76.988,717.54,0.034493,0.041726,0.10660,0.0031671,liquid
165.91,20.029,20055.,4.9863e-05,3.2943,3.3942,23.975,30.540,77.140,715.83,0.034990,0.041627,0.10642,0.0031478,liquid
166.03,20.121,20035.,4.9913e-05,3.3030,3.4034,24.028,30.541,77.295,714.12,0.035491,0.041529,0.10624,0.0031286,liquid