100.00,0.34376,438.89,0.0022785,-0.64728,-0.64602,-6.0856,33.908,54.681,1452.0,-0.045812,0.15097,0.19956,0.015217,liquid
100.13,0.34856,438.70,0.0022795,-0.63999,-0.63872,-6.0128,33.897,54.692,1450.8,-0.045772,0.15049,0.19938,0.015190,liquid
100.27,0.35342,438.52,0.0022804,-0.63271,-0.63141,-5.9400,33.885,54.703,1449.5,-0.045732,0.15001,0.19921,0.015164,liquid
100.40,0.35833,438.33,0.0022814,-0.62542,-0.62411,-5.8674,33.874,54.715,1448.2,-0.045692,0.14954,0.19903,0.015138,liquid
100.53,0.36330,438.15,0.0022823,-0.61813,-0.61680,-5.7948,33.863,54.726,1447.0,-0.045652,0.14907,0.19886,0.015111,liquid
100.67,0.36832,437.96,0.0022833,-0.61084,-0.60949,-5.7223,33.852,54.737,1445.7,-0.045611,0.14860,0.19868,0.015085,liquid
100.80,0.37339,437.78,0.0022842,-0.60354,-0.60218,-5.6499,33.841,54.749,1444.4,-0.045571,0.14814,0.19851,0.015058,liquid
100.93,0.37852,437.60,0.0022852,-0.59625,-0.59486,-5.5776,33.830,54.760,1443.1,-0.045530,0.14767,0.19833,0.015032,liquid
101.07,0.38371,437.41,0.0022862,-0.58895,-0.58755,-5.5054,33.818,54.772,1441.9,-0.045489,0.14721,0.19815,0.015006,liquid
101.20,0.38895,437.23,0.0022871,-0.58166,-0.58023,-5.4332,33.807,54.784,1440.6,-0.045448,0.14676,0.19798,0.014979,liquid
101.33,0.39425,437.04,0.0022881,-0.57436,-0.57291,-5.3611,33.796,54.795,1439.3,-0.045406,0.14630,0.19780,0.014953,liquid
101.47,0.39961,436.86,0.0022891,-0.56706,-0.56559,-5.2891,33.785,54.807,1438.0,-0.045365,0.14585,0.19762,0.014927,liquid
101.60,0.40502,436.67,0.0022900,-0.55976,-0.55827,-5.2172,33.774,54.819,1436.7,-0.045323,0.14540,0.19745,0.014900,liquid
101.73,0.41049,436.49,0.0022910,-0.55246,-0.55095,-5.1454,33.763,54.831,1435.5,-0.045281,0.14495,0.19727,0.014874,liquid
101.87,0.41602,436.30,0.0022920,-0.54515,-0.54362,-5.0736,33.752,54.843,1434.2,-0.045239,0.14450,0.19709,0.014847,liquid
102.00,0.42160,436.12,0.0022930,-0.53784,-0.53629,-5.0020,33.741,54.854,1432.9,-0.045197,0.14406,0.19692,0.014821,liquid
102.13,0.42725,435.93,0.0022939,-0.53054,-0.52897,-4.9304,33.730,54.866,1431.6,-0.045155,0.14362,0.19674,0.014795,liquid
102.27,0.43296,435.75,0.0022949,-0.52323,-0.52163,-4.8588,33.719,54.878,1430.3,-0.045112,0.14318,0.19656,0.014768,liquid
102.40,0.43872,435.56,0.0022959,-0.51592,-0.51430,-4.7874,33.709,54.891,1429.0,-0.045070,0.14274,0.19638,0.014742,liquid
102.53,0.44455,435.37,0.0022969,-0.50861,-0.50697,-4.7160,33.698,54.903,1427.8,-0.045027,0.14231,0.19621,0.014716,liquid
102.67,0.45043,435.19,0.0022979,-0.50129,-0.49963,-4.6447,33.687,54.915,1426.5,-0.044984,0.14187,0.19603,0.014689,liquid
102.80,0.45638,435.00,0.0022988,-0.49398,-0.49230,-4.5735,33.676,54.927,1425.2,-0.044941,0.14144,0.19585,0.014663,liquid
102.93,0.46239,434.82,0.0022998,-0.48666,-0.48496,-4.5024,33.665,54.939,1423.9,-0.044897,0.14102,0.19567,0.014637,liquid
103.07,0.46846,434.63,0.0023008,-0.47934,-0.47762,-4.4313,33.654,54.952,1422.6,-0.044854,0.14059,0.19549,0.014610,liquid
103.20,0.47460,434.44,0.0023018,-0.47203,-0.47027,-4.3604,33.644,54.964,1421.3,-0.044810,0.14017,0.19531,0.014584,liquid
103.33,0.48080,434.26,0.0023028,-0.46470,-0.46293,-4.2895,33.633,54.976,1420.0,-0.044766,0.13974,0.19513,0.014558,liquid
103.47,0.48706,434.07,0.0023038,-0.45738,-0.45558,-4.2186,33.622,54.989,1418.8,-0.044722,0.13932,0.19495,0.014531,liquid
103.60,0.49338,433.88,0.0023048,-0.45006,-0.44823,-4.1479,33.611,55.001,1417.5,-0.044678,0.13891,0.19478,0.014505,liquid
103.73,0.49977,433.70,0.0023058,-0.44273,-0.44088,-4.0772,33.601,55.014,1416.2,-0.044633,0.13849,0.19460,0.014479,liquid
103.87,0.50623,433.51,0.0023068,-0.43540,-0.43353,-4.0066,33.590,55.026,1414.9,-0.044589,0.13808,0.19442,0.014452,liquid
104.00,0.51275,433.32,0.0023078,-0.42808,-0.42618,-3.9361,33.579,55.039,1413.6,-0.044544,0.13766,0.19424,0.014426,liquid
104.13,0.51933,433.14,0.0023087,-0.42075,-0.41882,-3.8657,33.569,55.052,1412.3,-0.044499,0.13725,0.19406,0.014400,liquid
104.27,0.52598,432.95,0.0023097,-0.41341,-0.41146,-3.7953,33.558,55.064,1411.0,-0.044454,0.13685,0.19388,0.014374,liquid
104.40,0.53270,432.76,0.0023107,-0.40608,-0.40411,-3.7250,33.547,55.077,1409.7,-0.044408,0.13644,0.19370,0.014347,liquid
104.53,0.53948,432.57,0.0023117,-0.39875,-0.39674,-3.6548,33.537,55.090,1408.4,-0.044363,0.13604,0.19352,0.014321,liquid
104.67,0.54634,432.39,0.0023128,-0.39141,-0.38938,-3.5846,33.526,55.103,1407.1,-0.044317,0.13563,0.19334,0.014295,liquid
104.80,0.55326,432.20,0.0023138,-0.38407,-0.38202,-3.5145,33.516,55.116,1405.8,-0.044271,0.13523,0.19316,0.014268,liquid
104.93,0.56025,432.01,0.0023148,-0.37673,-0.37465,-3.4445,33.505,55.128,1404.5,-0.044225,0.13483,0.19298,0.014242,liquid
105.07,0.56731,431.82,0.0023158,-0.36939,-0.36728,-3.3746,33.494,55.141,1403.2,-0.044179,0.13444,0.19279,0.014216,liquid
105.20,0.57443,431.63,0.0023168,-0.36205,-0.35991,-3.3048,33.484,55.155,1401.9,-0.044132,0.13404,0.19261,0.014190,liquid
105.33,0.58163,431.45,0.0023178,-0.35470,-0.35254,-3.2350,33.473,55.168,1400.6,-0.044086,0.13365,0.19243,0.014163,liquid
105.47,0.58890,431.26,0.0023188,-0.34736,-0.34516,-3.1653,33.463,55.181,1399.3,-0.044039,0.13326,0.19225,0.014137,liquid
105.60,0.59624,431.07,0.0023198,-0.34001,-0.33779,-3.0956,33.452,55.194,1398.0,-0.043992,0.13287,0.19207,0.014111,liquid
105.73,0.60365,430.88,0.0023208,-0.33266,-0.33041,-3.0261,33.442,55.207,1396.7,-0.043945,0.13248,0.19189,0.014085,liquid
105.87,0.61113,430.69,0.0023219,-0.32531,-0.32303,-2.9566,33.432,55.220,1395.4,-0.043897,0.13209,0.19171,0.014058,liquid
106.00,0.61868,430.50,0.0023229,-0.31795,-0.31565,-2.8872,33.421,55.234,1394.1,-0.043850,0.13171,0.19153,0.014032,liquid
106.13,0.62631,430.31,0.0023239,-0.31060,-0.30826,-2.8178,33.411,55.247,1392.8,-0.043802,0.13133,0.19134,0.014006,liquid
106.27,0.63401,430.12,0.0023249,-0.30324,-0.30088,-2.7485,33.400,55.261,1391.5,-0.043754,0.13095,0.19116,0.013980,liquid
106.40,0.64178,429.93,0.0023259,-0.29589,-0.29349,-2.6793,33.390,55.274,1390.2,-0.043706,0.13057,0.19098,0.013953,liquid
106.53,0.64963,429.75,0.0023270,-0.28853,-0.28610,-2.6102,33.380,55.288,1388.9,-0.043657,0.13019,0.19080,0.013927,liquid
106.67,0.65755,429.56,0.0023280,-0.28117,-0.27871,-2.5411,33.369,55.301,1387.6,-0.043609,0.12981,0.19062,0.013901,liquid
106.80,0.66555,429.37,0.0023290,-0.27380,-0.27132,-2.4721,33.359,55.315,1386.3,-0.043560,0.12944,0.19043,0.013875,liquid
106.93,0.67362,429.18,0.0023300,-0.26644,-0.26392,-2.4032,33.348,55.328,1385.0,-0.043511,0.12906,0.19025,0.013848,liquid
107.07,0.68177,428.99,0.0023311,-0.25907,-0.25652,-2.3344,33.338,55.342,1383.7,-0.043462,0.12869,0.19007,0.013822,liquid
107.20,0.69000,428.80,0.0023321,-0.25170,-0.24912,-2.2656,33.328,55.356,1382.4,-0.043412,0.12832,0.18989,0.013796,liquid
107.33,0.69830,428.61,0.0023331,-0.24434,-0.24172,-2.1969,33.318,55.370,1381.1,-0.043363,0.12796,0.18970,0.013770,liquid
107.47,0.70668,428.42,0.0023342,-0.23696,-0.23432,-2.1282,33.307,55.383,1379.7,-0.043313,0.12759,0.18952,0.013744,liquid
107.60,0.71514,428.23,0.0023352,-0.22959,-0.22691,-2.0597,33.297,55.397,1378.4,-0.043263,0.12722,0.18934,0.013717,liquid
107.73,0.72368,428.04,0.0023363,-0.22222,-0.21950,-1.9912,33.287,55.411,1377.1,-0.043213,0.12686,0.18915,0.013691,liquid
107.87,0.73229,427.84,0.0023373,-0.21484,-0.21210,-1.9227,33.277,55.425,1375.8,-0.043163,0.12650,0.18897,0.013665,liquid
108.00,0.74099,427.65,0.0023383,-0.20746,-0.20468,-1.8544,33.266,55.439,1374.5,-0.043112,0.12614,0.18879,0.013639,liquid
108.13,0.74976,427.46,0.0023394,-0.20008,-0.19727,-1.7861,33.256,55.453,1373.2,-0.043061,0.12578,0.18860,0.013613,liquid
108.27,0.75862,427.27,0.0023404,-0.19270,-0.18985,-1.7178,33.246,55.468,1371.9,-0.043010,0.12542,0.18842,0.013586,liquid
108.40,0.76756,427.08,0.0023415,-0.18532,-0.18244,-1.6497,33.236,55.482,1370.5,-0.042959,0.12507,0.18824,0.013560,liquid
108.53,0.77658,426.89,0.0023425,-0.17793,-0.17502,-1.5816,33.226,55.496,1369.2,-0.042908,0.12471,0.18805,0.013534,liquid
108.67,0.78568,426.70,0.0023436,-0.17055,-0.16759,-1.5135,33.216,55.510,1367.9,-0.042856,0.12436,0.18787,0.013508,liquid
108.80,0.79486,426.51,0.0023446,-0.16316,-0.16017,-1.4456,33.205,55.525,1366.6,-0.042804,0.12401,0.18768,0.013482,liquid
108.93,0.80412,426.32,0.0023457,-0.15577,-0.15274,-1.3777,33.195,55.539,1365.3,-0.042752,0.12366,0.18750,0.013456,liquid
109.07,0.81347,426.12,0.0023467,-0.14838,-0.14531,-1.3099,33.185,55.554,1364.0,-0.042700,0.12331,0.18731,0.013429,liquid
109.20,0.82291,425.93,0.0023478,-0.14098,-0.13788,-1.2421,33.175,55.568,1362.6,-0.042648,0.12296,0.18713,0.013403,liquid
109.33,0.83243,425.74,0.0023489,-0.13359,-0.13045,-1.1744,33.165,55.583,1361.3,-0.042595,0.12261,0.18695,0.013377,liquid
109.47,0.84203,425.55,0.0023499,-0.12619,-0.12302,-1.1068,33.155,55.597,1360.0,-0.042542,0.12227,0.18676,0.013351,liquid
109.60,0.85172,425.36,0.0023510,-0.11879,-0.11558,-1.0392,33.145,55.612,1358.7,-0.042489,0.12192,0.18658,0.013325,liquid
109.73,0.86149,425.16,0.0023520,-0.11139,-0.10814,-0.97171,33.135,55.627,1357.4,-0.042436,0.12158,0.18639,0.013299,liquid
109.87,0.87135,424.97,0.0023531,-0.10399,-0.10070,-0.90428,33.125,55.642,1356.0,-0.042382,0.12124,0.18621,0.013273,liquid
110.00,0.88130,424.78,0.0023542,-0.096585,-0.093257,-0.83691,33.115,55.656,1354.7,-0.042328,0.12090,0.18602,0.013247,liquid
110.13,0.89134,424.58,0.0023552,-0.089179,-0.085811,-0.76961,33.105,55.671,1353.4,-0.042274,0.12056,0.18584,0.013220,liquid
110.27,0.90146,424.39,0.0023563,-0.081771,-0.078363,-0.70238,33.095,55.686,1352.1,-0.042220,0.12023,0.18565,0.013194,liquid
110.40,0.91167,424.20,0.0023574,-0.074361,-0.070914,-0.63521,33.085,55.701,1350.7,-0.042166,0.11989,0.18547,0.013168,liquid
110.53,0.92197,424.00,0.0023585,-0.066950,-0.063462,-0.56810,33.075,55.716,1349.4,-0.042111,0.11956,0.18528,0.013142,liquid
110.67,0.93236,423.81,0.0023595,-0.059537,-0.056007,-0.50106,33.065,55.731,1348.1,-0.042056,0.11923,0.18510,0.013116,liquid
110.80,0.94285,423.62,0.0023606,-0.052122,-0.048551,-0.43408,33.055,55.746,1346.8,-0.042001,0.11889,0.18491,0.013090,liquid
110.93,0.95342,423.42,0.0023617,-0.044705,-0.041092,-0.36716,33.045,55.762,1345.4,-0.041946,0.11856,0.18473,0.013064,liquid
111.07,0.96408,423.23,0.0023628,-0.037286,-0.033632,-0.30031,33.035,55.777,1344.1,-0.041891,0.11824,0.18454,0.013038,liquid
111.20,0.97483,423.04,0.0023639,-0.029865,-0.026169,-0.23353,33.025,55.792,1342.8,-0.041835,0.11791,0.18435,0.013012,liquid
111.33,0.98568,422.84,0.0023649,-0.022443,-0.018703,-0.16680,33.015,55.808,1341.4,-0.041779,0.11758,0.18417,0.012986,liquid
111.47,0.99662,422.65,0.0023660,-0.015019,-0.011236,-0.10014,33.006,55.823,1340.1,-0.041723,0.11726,0.18398,0.012960,liquid
111.60,1.0077,422.45,0.0023671,-0.0075925,-0.0037659,-0.033544,32.996,55.838,1338.8,-0.041666,0.11693,0.18380,0.012934,liquid
111.73,1.0188,422.26,0.0023682,-0.00016452,0.0037061,0.032991,32.986,55.854,1337.4,-0.041609,0.11661,0.18361,0.012908,liquid
111.87,1.0300,422.06,0.0023693,0.0072653,0.011180,0.099464,32.976,55.870,1336.1,-0.041553,0.11629,0.18342,0.012882,liquid
112.00,1.0413,421.87,0.0023704,0.014697,0.018657,0.16587,32.966,55.885,1334.8,-0.041495,0.11597,0.18324,0.012856,liquid
112.13,1.0527,421.67,0.0023715,0.022131,0.026136,0.23222,32.956,55.901,1333.4,-0.041438,0.11565,0.18305,0.012829,liquid
112.27,1.0642,421.48,0.0023726,0.029566,0.033617,0.29851,32.947,55.917,1332.1,-0.041380,0.11533,0.18287,0.012803,liquid
112.40,1.0758,421.28,0.0023737,0.037004,0.041100,0.36473,32.937,55.933,1330.8,-0.041323,0.11501,0.18268,0.012777,liquid
112.53,1.0875,421.09,0.0023748,0.044443,0.048586,0.43090,32.927,55.948,1329.4,-0.041265,0.11470,0.18249,0.012751,liquid
112.67,1.0993,420.89,0.0023759,0.051884,0.056074,0.49700,32.917,55.964,1328.1,-0.041206,0.11438,0.18231,0.012725,liquid
112.80,1.1112,420.70,0.0023770,0.059327,0.063565,0.56304,32.908,55.980,1326.8,-0.041148,0.11407,0.18212,0.012699,liquid
112.93,1.1232,420.50,0.0023781,0.066772,0.071057,0.62902,32.898,55.996,1325.4,-0.041089,0.11376,0.18193,0.012673,liquid
113.07,1.1353,420.31,0.0023792,0.074219,0.078552,0.69494,32.888,56.013,1324.1,-0.041030,0.11345,0.18175,0.012647,liquid
113.20,1.1475,420.11,0.0023803,0.081668,0.086050,0.76080,32.878,56.029,1322.7,-0.040970,0.11314,0.18156,0.012621,liquid
113.33,1.1598,419.91,0.0023814,0.089119,0.093550,0.82660,32.869,56.045,1321.4,-0.040911,0.11283,0.18137,0.012596,liquid
113.47,1.1722,419.72,0.0023826,0.096571,0.10105,0.89234,32.859,56.061,1320.1,-0.040851,0.11252,0.18118,0.012570,liquid
113.60,1.1847,419.52,0.0023837,0.10403,0.10856,0.95802,32.849,56.078,1318.7,-0.040791,0.11221,0.18100,0.012544,liquid
113.73,1.1973,419.32,0.0023848,0.11148,0.11606,1.0236,32.840,56.094,1317.4,-0.040731,0.11191,0.18081,0.012518,liquid
113.87,1.2100,419.13,0.0023859,0.11894,0.12357,1.0892,32.830,56.110,1316.0,-0.040670,0.11160,0.18062,0.012492,liquid
114.00,1.2228,418.93,0.0023870,0.12640,0.13108,1.1547,32.820,56.127,1314.7,-0.040609,0.11130,0.18044,0.012466,liquid
114.13,1.2357,418.73,0.0023882,0.13386,0.13860,1.2201,32.811,56.144,1313.3,-0.040548,0.11100,0.18025,0.012440,liquid
114.27,1.2487,418.54,0.0023893,0.14133,0.14611,1.2855,32.801,56.160,1312.0,-0.040487,0.11070,0.18006,0.012414,liquid
114.40,1.2618,418.34,0.0023904,0.14879,0.15363,1.3508,32.792,56.177,1310.6,-0.040425,0.11040,0.17987,0.012388,liquid
114.53,1.2750,418.14,0.0023915,0.15626,0.16116,1.4161,32.782,56.194,1309.3,-0.040364,0.11010,0.17969,0.012362,liquid
114.67,1.2884,417.94,0.0023927,0.16373,0.16868,1.4813,32.772,56.211,1308.0,-0.040302,0.10980,0.17950,0.012336,liquid
114.80,1.3018,417.75,0.0023938,0.17121,0.17621,1.5465,32.763,56.228,1306.6,-0.040239,0.10950,0.17931,0.012310,liquid
114.93,1.3153,417.55,0.0023949,0.17868,0.18373,1.6116,32.753,56.245,1305.3,-0.040177,0.10921,0.17912,0.012284,liquid
115.07,1.3290,417.35,0.0023961,0.18616,0.19127,1.6766,32.744,56.262,1303.9,-0.040114,0.10891,0.17894,0.012258,liquid
115.20,1.3427,417.15,0.0023972,0.19364,0.19880,1.7416,32.734,56.279,1302.6,-0.040051,0.10862,0.17875,0.012232,liquid
115.33,1.3566,416.95,0.0023984,0.20112,0.20634,1.8065,32.725,56.296,1301.2,-0.039987,0.10833,0.17856,0.012207,liquid
115.47,1.3706,416.75,0.0023995,0.20860,0.21387,1.8713,32.715,56.313,1299.9,-0.039923,0.10803,0.17837,0.012181,liquid
115.60,1.3846,416.55,0.0024006,0.21608,0.22142,1.9361,32.706,56.330,1298.5,-0.039860,0.10774,0.17818,0.012155,liquid
115.73,1.3988,416.36,0.0024018,0.22357,0.22896,2.0009,32.696,56.348,1297.1,-0.039795,0.10745,0.17800,0.012129,liquid
115.87,1.4131,416.16,0.0024029,0.23106,0.23651,2.0656,32.687,56.365,1295.8,-0.039731,0.10716,0.17781,0.012103,liquid
116.00,1.4275,415.96,0.0024041,0.23855,0.24405,2.1302,32.677,56.383,1294.4,-0.039666,0.10688,0.17762,0.012077,liquid
116.13,1.4421,415.76,0.0024052,0.24604,0.25161,2.1948,32.668,56.400,1293.1,-0.039601,0.10659,0.17743,0.012051,liquid
116.27,1.4567,415.56,0.0024064,0.25354,0.25916,2.2593,32.658,56.418,1291.7,-0.039536,0.10630,0.17724,0.012026,liquid
116.40,1.4714,415.36,0.0024076,0.26103,0.26672,2.3238,32.649,56.436,1290.4,-0.039470,0.10602,0.17706,0.012000,liquid
116.53,1.4863,415.16,0.0024087,0.26853,0.27427,2.3882,32.640,56.453,1289.0,-0.039404,0.10574,0.17687,0.011974,liquid
116.67,1.5013,414.96,0.0024099,0.27603,0.28184,2.4525,32.630,56.471,1287.7,-0.039338,0.10545,0.17668,0.011948,liquid
116.80,1.5164,414.76,0.0024110,0.28353,0.28940,2.5168,32.621,56.489,1286.3,-0.039272,0.10517,0.17649,0.011922,liquid
116.93,1.5316,414.56,0.0024122,0.29104,0.29697,2.5811,32.612,56.507,1284.9,-0.039205,0.10489,0.17630,0.011897,liquid
117.07,1.5469,414.36,0.0024134,0.29855,0.30454,2.6453,32.602,56.525,1283.6,-0.039138,0.10461,0.17611,0.011871,liquid
117.20,1.5623,414.16,0.0024145,0.30606,0.31211,2.7094,32.593,56.543,1282.2,-0.039071,0.10433,0.17592,0.011845,liquid
117.33,1.5779,413.96,0.0024157,0.31357,0.31968,2.7735,32.584,56.561,1280.9,-0.039003,0.10405,0.17574,0.011819,liquid
117.47,1.5935,413.75,0.0024169,0.32108,0.32726,2.8375,32.574,56.580,1279.5,-0.038935,0.10378,0.17555,0.011793,liquid
117.60,1.6093,413.55,0.0024181,0.32860,0.33484,2.9015,32.565,56.598,1278.1,-0.038867,0.10350,0.17536,0.011768,liquid
117.73,1.6252,413.35,0.0024192,0.33612,0.34242,2.9654,32.556,56.616,1276.8,-0.038799,0.10322,0.17517,0.011742,liquid
117.87,1.6413,413.15,0.0024204,0.34364,0.35001,3.0293,32.546,56.635,1275.4,-0.038730,0.10295,0.17498,0.011716,liquid
118.00,1.6574,412.95,0.0024216,0.35116,0.35760,3.0931,32.537,56.653,1274.0,-0.038661,0.10268,0.17479,0.011690,liquid
118.13,1.6737,412.75,0.0024228,0.35868,0.36519,3.1568,32.528,56.672,1272.7,-0.038592,0.10240,0.17460,0.011665,liquid
118.27,1.6901,412.54,0.0024240,0.36621,0.37278,3.2205,32.519,56.691,1271.3,-0.038522,0.10213,0.17441,0.011639,liquid
118.40,1.7066,412.34,0.0024252,0.37374,0.38038,3.2842,32.509,56.710,1269.9,-0.038452,0.10186,0.17423,0.011613,liquid
118.53,1.7232,412.14,0.0024264,0.38127,0.38797,3.3478,32.500,56.728,1268.6,-0.038382,0.10159,0.17404,0.011587,liquid
118.67,1.7399,411.94,0.0024276,0.38880,0.39558,3.4113,32.491,56.747,1267.2,-0.038311,0.10132,0.17385,0.011562,liquid
118.80,1.7568,411.73,0.0024287,0.39634,0.40318,3.4748,32.482,56.766,1265.8,-0.038241,0.10105,0.17366,0.011536,liquid
118.93,1.7738,411.53,0.0024299,0.40387,0.41079,3.5383,32.473,56.785,1264.5,-0.038169,0.10079,0.17347,0.011510,liquid
119.07,1.7909,411.33,0.0024311,0.41141,0.41840,3.6016,32.463,56.804,1263.1,-0.038098,0.10052,0.17328,0.011485,liquid
119.20,1.8082,411.13,0.0024323,0.41895,0.42601,3.6650,32.454,56.824,1261.7,-0.038026,0.10025,0.17309,0.011459,liquid
119.33,1.8255,410.92,0.0024336,0.42650,0.43363,3.7283,32.445,56.843,1260.3,-0.037954,0.099990,0.17290,0.011433,liquid
119.47,1.8430,410.72,0.0024348,0.43404,0.44124,3.7915,32.436,56.862,1259.0,-0.037882,0.099726,0.17271,0.011408,liquid
119.60,1.8607,410.51,0.0024360,0.44159,0.44886,3.8547,32.427,56.882,1257.6,-0.037809,0.099463,0.17252,0.011382,liquid
119.73,1.8784,410.31,0.0024372,0.44914,0.45649,3.9178,32.418,56.901,1256.2,-0.037736,0.099201,0.17233,0.011356,liquid
119.87,1.8963,410.11,0.0024384,0.45670,0.46411,3.9809,32.409,56.921,1254.9,-0.037663,0.098940,0.17214,0.011331,liquid
120.00,1.9143,409.90,0.0024396,0.46425,0.47174,4.0439,32.400,56.941,1253.5,-0.037589,0.098680,0.17195,0.011305,liquid
120.13,1.9324,409.70,0.0024408,0.47181,0.47938,4.1069,32.391,56.960,1252.1,-0.037515,0.098420,0.17176,0.011279,liquid
120.27,1.9507,409.49,0.0024420,0.47937,0.48701,4.1698,32.381,56.980,1250.7,-0.037441,0.098162,0.17158,0.011254,liquid
120.40,1.9691,409.29,0.0024433,0.48693,0.49465,4.2327,32.372,57.000,1249.3,-0.037366,0.097904,0.17139,0.011228,liquid
120.53,1.9876,409.08,0.0024445,0.49449,0.50229,4.2955,32.363,57.020,1248.0,-0.037291,0.097647,0.17120,0.011202,liquid
120.67,2.0063,408.88,0.0024457,0.50206,0.50993,4.3583,32.354,57.040,1246.6,-0.037216,0.097391,0.17101,0.011177,liquid
120.80,2.0251,408.67,0.0024469,0.50963,0.51758,4.4210,32.345,57.060,1245.2,-0.037140,0.097135,0.17082,0.011151,liquid
120.93,2.0440,408.47,0.0024482,0.51720,0.52523,4.4837,32.336,57.081,1243.8,-0.037064,0.096881,0.17063,0.011126,liquid
121.07,2.0630,408.26,0.0024494,0.52477,0.53288,4.5463,32.327,57.101,1242.4,-0.036988,0.096627,0.17044,0.011100,liquid
121.20,2.0822,408.06,0.0024506,0.53235,0.54054,4.6089,32.318,57.121,1241.1,-0.036911,0.096374,0.17025,0.011075,liquid
121.33,2.1015,407.85,0.0024519,0.53993,0.54820,4.6714,32.310,57.142,1239.7,-0.036835,0.096122,0.17006,0.011049,liquid
121.47,2.1210,407.64,0.0024531,0.54751,0.55586,4.7339,32.301,57.163,1238.3,-0.036757,0.095871,0.16987,0.011023,liquid
121.60,2.1406,407.44,0.0024544,0.55509,0.56352,4.7963,32.292,57.183,1236.9,-0.036680,0.095620,0.16968,0.010998,liquid
121.73,2.1603,407.23,0.0024556,0.56268,0.57119,4.8587,32.283,57.204,1235.5,-0.036602,0.095370,0.16949,0.010972,liquid
121.87,2.1802,407.02,0.0024569,0.57026,0.57886,4.9210,32.274,57.225,1234.1,-0.036523,0.095121,0.16930,0.010947,liquid
122.00,2.2002,406.82,0.0024581,0.57785,0.58653,4.9833,32.265,57.246,1232.7,-0.036445,0.094873,0.16911,0.010921,liquid
122.13,2.2203,406.61,0.0024594,0.58545,0.59421,5.0455,32.256,57.267,1231.4,-0.036366,0.094626,0.16892,0.010896,liquid
122.27,2.2406,406.40,0.0024606,0.59304,0.60189,5.1077,32.247,57.288,1230.0,-0.036286,0.094379,0.16873,0.010870,liquid
122.40,2.2610,406.20,0.0024619,0.60064,0.60957,5.1698,32.238,57.309,1228.6,-0.036207,0.094133,0.16854,0.010845,liquid
122.53,2.2815,405.99,0.0024631,0.60824,0.61725,5.2319,32.230,57.330,1227.2,-0.036126,0.093888,0.16835,0.010819,liquid
122.67,2.3022,405.78,0.0024644,0.61584,0.62494,5.2940,32.221,57.352,1225.8,-0.036046,0.093644,0.16816,0.010794,liquid
122.80,2.3231,405.57,0.0024657,0.62344,0.63263,5.3560,32.212,57.373,1224.4,-0.035965,0.093401,0.16797,0.010768,liquid
122.93,2.3440,405.36,0.0024669,0.63105,0.64033,5.4179,32.203,57.395,1223.0,-0.035884,0.093158,0.16778,0.010743,liquid
123.07,2.3651,405.15,0.0024682,0.63866,0.64803,5.4798,32.194,57.417,1221.6,-0.035802,0.092916,0.16759,0.010717,liquid
123.20,2.3864,404.95,0.0024695,0.64627,0.65573,5.5417,32.186,57.438,1220.2,-0.035721,0.092675,0.16740,0.010692,liquid
123.33,2.4078,404.74,0.0024707,0.65389,0.66343,5.6035,32.177,57.460,1218.8,-0.035638,0.092434,0.16721,0.010666,liquid
123.47,2.4293,404.53,0.0024720,0.66150,0.67114,5.6653,32.168,57.482,1217.4,-0.035556,0.092194,0.16702,0.010641,liquid
123.60,2.4510,404.32,0.0024733,0.66912,0.67885,5.7270,32.159,57.504,1216.0,-0.035473,0.091955,0.16683,0.010616,liquid
123.73,2.4729,404.11,0.0024746,0.67674,0.68656,5.7886,32.151,57.526,1214.6,-0.035389,0.091717,0.16664,0.010590,liquid
123.87,2.4948,403.90,0.0024759,0.68437,0.69428,5.8503,32.142,57.548,1213.3,-0.035306,0.091480,0.16645,0.010565,liquid
124.00,2.5170,403.69,0.0024771,0.69199,0.70200,5.9118,32.133,57.571,1211.9,-0.035221,0.091243,0.16626,0.010539,liquid
124.13,2.5392,403.48,0.0024784,0.69962,0.70972,5.9734,32.125,57.593,1210.5,-0.035137,0.091007,0.16607,0.010514,liquid
124.27,2.5616,403.27,0.0024797,0.70725,0.71744,6.0349,32.116,57.616,1209.1,-0.035052,0.090771,0.16588,0.010489,liquid
124.40,2.5842,403.06,0.0024810,0.71489,0.72517,6.0963,32.107,57.638,1207.7,-0.034967,0.090537,0.16569,0.010463,liquid
124.53,2.6069,402.85,0.0024823,0.72252,0.73291,6.1577,32.099,57.661,1206.3,-0.034881,0.090303,0.16550,0.010438,liquid
124.67,2.6298,402.64,0.0024836,0.73016,0.74064,6.2191,32.090,57.684,1204.8,-0.034795,0.090070,0.16531,0.010412,liquid
124.80,2.6528,402.43,0.0024849,0.73780,0.74838,6.2804,32.082,57.707,1203.4,-0.034709,0.089837,0.16512,0.010387,liquid
124.93,2.6759,402.22,0.0024862,0.74545,0.75612,6.3416,32.073,57.730,1202.0,-0.034622,0.089606,0.16493,0.010362,liquid
125.07,2.6993,402.00,0.0024875,0.75310,0.76387,6.4028,32.064,57.753,1200.6,-0.034535,0.089375,0.16474,0.010336,liquid
125.20,2.7227,401.79,0.0024888,0.76075,0.77162,6.4640,32.056,57.776,1199.2,-0.034447,0.089144,0.16455,0.010311,liquid
125.33,2.7463,401.58,0.0024902,0.76840,0.77937,6.5251,32.047,57.799,1197.8,-0.034359,0.088915,0.16436,0.010286,liquid
125.47,2.7701,401.37,0.0024915,0.77605,0.78712,6.5862,32.039,57.823,1196.4,-0.034270,0.088686,0.16417,0.010260,liquid
125.60,2.7940,401.16,0.0024928,0.78371,0.79488,6.6473,32.030,57.846,1195.0,-0.034182,0.088457,0.16398,0.010235,liquid
125.73,2.8181,400.95,0.0024941,0.79137,0.80264,6.7083,32.022,57.870,1193.6,-0.034092,0.088230,0.16379,0.010210,liquid
125.87,2.8423,400.73,0.0024954,0.79903,0.81041,6.7692,32.013,57.893,1192.2,-0.034003,0.088003,0.16360,0.010185,liquid
126.00,2.8667,400.52,0.0024968,0.80670,0.81818,6.8301,32.005,57.917,1190.8,-0.033913,0.087777,0.16341,0.010159,liquid
126.13,2.8912,400.31,0.0024981,0.81436,0.82595,6.8910,31.996,57.941,1189.4,-0.033822,0.087551,0.16321,0.010134,liquid
126.27,2.9159,400.09,0.0024994,0.82203,0.83373,6.9518,31.988,57.965,1188.0,-0.033731,0.087327,0.16302,0.010109,liquid
126.40,2.9408,399.88,0.0025007,0.82971,0.84150,7.0126,31.979,57.989,1186.5,-0.033640,0.087103,0.16283,0.010084,liquid
126.53,2.9658,399.67,0.0025021,0.83738,0.84929,7.0734,31.971,58.014,1185.1,-0.033548,0.086879,0.16264,0.010058,liquid
126.67,2.9909,399.45,0.0025034,0.84506,0.85707,7.1341,31.963,58.038,1183.7,-0.033456,0.086656,0.16245,0.010033,liquid
126.80,3.0163,399.24,0.0025048,0.85274,0.86486,7.1947,31.954,58.062,1182.3,-0.033363,0.086434,0.16226,0.010008,liquid
126.93,3.0418,399.02,0.0025061,0.86042,0.87265,7.2553,31.946,58.087,1180.9,-0.033270,0.086213,0.16207,0.0099827,liquid
127.07,3.0674,398.81,0.0025075,0.86811,0.88045,7.3159,31.937,58.112,1179.5,-0.033177,0.085992,0.16188,0.0099575,liquid
127.20,3.0932,398.60,0.0025088,0.87580,0.88825,7.3765,31.929,58.136,1178.0,-0.033083,0.085772,0.16169,0.0099323,liquid
127.33,3.1192,398.38,0.0025102,0.88349,0.89605,7.4369,31.921,58.161,1176.6,-0.032989,0.085552,0.16150,0.0099071,liquid
127.47,3.1453,398.17,0.0025115,0.89119,0.90386,7.4974,31.913,58.186,1175.2,-0.032894,0.085334,0.16131,0.0098819,liquid
127.60,3.1716,397.95,0.0025129,0.89888,0.91167,7.5578,31.904,58.211,1173.8,-0.032799,0.085116,0.16112,0.0098568,liquid
127.73,3.1980,397.73,0.0025142,0.90658,0.91948,7.6182,31.896,58.237,1172.4,-0.032703,0.084898,0.16093,0.0098316,liquid
127.87,3.2246,397.52,0.0025156,0.91429,0.92730,7.6785,31.888,58.262,1170.9,-0.032607,0.084681,0.16074,0.0098065,liquid
128.00,3.2514,397.30,0.0025170,0.92199,0.93512,7.7388,31.879,58.288,1169.5,-0.032510,0.084465,0.16055,0.0097813,liquid
128.13,3.2784,397.09,0.0025183,0.92970,0.94295,7.7990,31.871,58.313,1168.1,-0.032413,0.084249,0.16036,0.0097562,liquid
128.27,3.3055,396.87,0.0025197,0.93741,0.95077,7.8592,31.863,58.339,1166.7,-0.032316,0.084035,0.16017,0.0097311,liquid
128.40,3.3327,396.65,0.0025211,0.94513,0.95860,7.9194,31.855,58.365,1165.3,-0.032218,0.083820,0.15998,0.0097060,liquid
128.53,3.3602,396.44,0.0025225,0.95284,0.96644,7.9795,31.847,58.391,1163.8,-0.032120,0.083607,0.15979,0.0096809,liquid
128.67,3.3878,396.22,0.0025239,0.96056,0.97428,8.0396,31.838,58.417,1162.4,-0.032021,0.083394,0.15960,0.0096558,liquid
128.80,3.4156,396.00,0.0025252,0.96828,0.98212,8.0997,31.830,58.443,1161.0,-0.031922,0.083181,0.15941,0.0096307,liquid
128.93,3.4435,395.79,0.0025266,0.97601,0.98997,8.1597,31.822,58.469,1159.5,-0.031822,0.082969,0.15921,0.0096056,liquid
129.07,3.4716,395.57,0.0025280,0.98374,0.99782,8.2196,31.814,58.496,1158.1,-0.031722,0.082758,0.15902,0.0095805,liquid
129.20,3.4999,395.35,0.0025294,0.99147,1.0057,8.2796,31.806,58.522,1156.7,-0.031621,0.082548,0.15883,0.0095555,liquid
129.33,3.5284,395.13,0.0025308,0.99920,1.0135,8.3395,31.798,58.549,1155.2,-0.031520,0.082338,0.15864,0.0095305,liquid
129.47,3.5570,394.91,0.0025322,1.0069,1.0214,8.3993,31.790,58.576,1153.8,-0.031418,0.082129,0.15845,0.0095054,liquid
129.60,3.5858,394.69,0.0025336,1.0147,1.0293,8.4591,31.782,58.603,1152.4,-0.031316,0.081920,0.15826,0.0094804,liquid
129.73,3.6147,394.48,0.0025350,1.0224,1.0371,8.5189,31.774,58.630,1150.9,-0.031213,0.081712,0.15807,0.0094554,liquid
129.87,3.6439,394.26,0.0025364,1.0302,1.0450,8.5786,31.765,58.657,1149.5,-0.031110,0.081504,0.15788,0.0094304,liquid
130.00,3.6732,394.04,0.0025378,1.0379,1.0529,8.6383,31.757,58.684,1148.1,-0.031006,0.081298,0.15769,0.0094054,liquid
130.13,3.7027,393.82,0.0025392,1.0457,1.0608,8.6980,31.749,58.712,1146.6,-0.030902,0.081091,0.15750,0.0093804,liquid
130.27,3.7323,393.60,0.0025407,1.0534,1.0686,8.7576,31.741,58.739,1145.2,-0.030798,0.080886,0.15731,0.0093554,liquid
130.40,3.7622,393.38,0.0025421,1.0612,1.0765,8.8172,31.734,58.767,1143.8,-0.030693,0.080681,0.15712,0.0093305,liquid
130.53,3.7922,393.16,0.0025435,1.0689,1.0844,8.8768,31.726,58.795,1142.3,-0.030587,0.080476,0.15693,0.0093055,liquid
130.67,3.8224,392.94,0.0025449,1.0767,1.0923,8.9363,31.718,58.823,1140.9,-0.030481,0.080272,0.15674,0.0092806,liquid
130.80,3.8528,392.72,0.0025464,1.0845,1.1002,8.9957,31.710,58.851,1139.4,-0.030374,0.080069,0.15655,0.0092556,liquid
130.93,3.8833,392.50,0.0025478,1.0922,1.1081,9.0552,31.702,58.879,1138.0,-0.030267,0.079866,0.15636,0.0092307,liquid
131.07,3.9140,392.27,0.0025492,1.1000,1.1160,9.1146,31.694,58.907,1136.6,-0.030159,0.079664,0.15617,0.0092058,liquid
131.20,3.9449,392.05,0.0025507,1.1078,1.1239,9.1739,31.686,58.936,1135.1,-0.030051,0.079463,0.15598,0.0091809,liquid
131.33,3.9760,391.83,0.0025521,1.1156,1.1318,9.2333,31.678,58.964,1133.7,-0.029942,0.079262,0.15579,0.0091560,liquid
131.47,4.0073,391.61,0.0025536,1.1233,1.1398,9.2926,31.670,58.993,1132.2,-0.029833,0.079062,0.15559,0.0091311,liquid
131.60,4.0387,391.39,0.0025550,1.1311,1.1477,9.3518,31.662,59.022,1130.8,-0.029723,0.078862,0.15540,0.0091062,liquid
131.73,4.0703,391.17,0.0025565,1.1389,1.1556,9.4110,31.655,59.051,1129.3,-0.029613,0.078663,0.15521,0.0090813,liquid
131.87,4.1021,390.94,0.0025579,1.1467,1.1635,9.4702,31.647,59.080,1127.9,-0.029502,0.078464,0.15502,0.0090565,liquid
132.00,4.1341,390.72,0.0025594,1.1545,1.1715,9.5294,31.639,59.110,1126.4,-0.029391,0.078266,0.15483,0.0090316,liquid
132.13,4.1663,390.50,0.0025608,1.1623,1.1794,9.5885,31.631,59.139,1125.0,-0.029279,0.078069,0.15464,0.0090068,liquid
132.27,4.1986,390.27,0.0025623,1.1701,1.1874,9.6476,31.624,59.169,1123.5,-0.029167,0.077872,0.15445,0.0089820,liquid
132.40,4.2312,390.05,0.0025638,1.1779,1.1953,9.7066,31.616,59.198,1122.1,-0.029054,0.077675,0.15426,0.0089572,liquid
132.53,4.2639,389.83,0.0025652,1.1857,1.2033,9.7656,31.608,59.228,1120.6,-0.028940,0.077480,0.15407,0.0089324,liquid
132.67,4.2968,389.60,0.0025667,1.1935,1.2112,9.8246,31.600,59.258,1119.2,-0.028826,0.077285,0.15388,0.0089076,liquid
132.80,4.3299,389.38,0.0025682,1.2013,1.2192,9.8835,31.593,59.289,1117.7,-0.028711,0.077090,0.15369,0.0088828,liquid
132.93,4.3632,389.15,0.0025697,1.2092,1.2271,9.9424,31.585,59.319,1116.3,-0.028596,0.076896,0.15350,0.0088580,liquid
133.07,4.3967,388.93,0.0025712,1.2170,1.2351,10.001,31.578,59.349,1114.8,-0.028480,0.076702,0.15331,0.0088333,liquid
133.20,4.4303,388.70,0.0025727,1.2248,1.2431,10.060,31.570,59.380,1113.3,-0.028364,0.076509,0.15312,0.0088085,liquid
133.33,4.4642,388.48,0.0025741,1.2326,1.2511,10.119,31.562,59.411,1111.9,-0.028247,0.076317,0.15293,0.0087838,liquid
133.47,4.4982,388.25,0.0025756,1.2404,1.2590,10.178,31.555,59.442,1110.4,-0.028129,0.076125,0.15274,0.0087590,liquid
133.60,4.5325,388.03,0.0025771,1.2483,1.2670,10.236,31.547,59.473,1109.0,-0.028011,0.075934,0.15255,0.0087343,liquid
133.73,4.5669,387.80,0.0025786,1.2561,1.2750,10.295,31.540,59.504,1107.5,-0.027892,0.075743,0.15236,0.0087096,liquid
133.87,4.6015,387.57,0.0025802,1.2640,1.2830,10.354,31.532,59.535,1106.0,-0.027773,0.075553,0.15217,0.0086849,liquid
134.00,4.6363,387.35,0.0025817,1.2718,1.2910,10.412,31.525,59.567,1104.6,-0.027653,0.075363,0.15198,0.0086602,liquid
134.13,4.6713,387.12,0.0025832,1.2796,1.2990,10.471,31.517,59.599,1103.1,-0.027533,0.075174,0.15178,0.0086355,liquid
134.27,4.7065,386.89,0.0025847,1.2875,1.3070,10.530,31.510,59.631,1101.7,-0.027412,0.074985,0.15159,0.0086109,liquid
134.40,4.7419,386.67,0.0025862,1.2953,1.3150,10.588,31.502,59.663,1100.2,-0.027290,0.074797,0.15140,0.0085862,liquid
134.53,4.7774,386.44,0.0025877,1.3032,1.3230,10.647,31.495,59.695,1098.7,-0.027168,0.074609,0.15121,0.0085616,liquid
134.67,4.8132,386.21,0.0025893,1.3111,1.3311,10.705,31.487,59.727,1097.2,-0.027045,0.074422,0.15102,0.0085369,liquid
134.80,4.8492,385.98,0.0025908,1.3189,1.3391,10.764,31.480,59.760,1095.8,-0.026921,0.074236,0.15083,0.0085123,liquid
134.93,4.8854,385.75,0.0025923,1.3268,1.3471,10.822,31.472,59.792,1094.3,-0.026797,0.074050,0.15064,0.0084877,liquid
135.07,4.9217,385.53,0.0025939,1.3347,1.3551,10.880,31.465,59.825,1092.8,-0.026672,0.073864,0.15045,0.0084631,liquid
135.20,4.9583,385.30,0.0025954,1.3425,1.3632,10.939,31.458,59.858,1091.4,-0.026547,0.073680,0.15026,0.0084385,liquid
135.33,4.9951,385.07,0.0025969,1.3504,1.3712,10.997,31.450,59.892,1089.9,-0.026421,0.073495,0.15007,0.0084139,liquid
135.47,5.0320,384.84,0.0025985,1.3583,1.3793,11.055,31.443,59.925,1088.4,-0.026294,0.073311,0.14988,0.0083894,liquid
135.60,5.0692,384.61,0.0026001,1.3662,1.3873,11.114,31.436,59.958,1086.9,-0.026167,0.073128,0.14969,0.0083648,liquid
135.73,5.1065,384.38,0.0026016,1.3741,1.3954,11.172,31.429,59.992,1085.5,-0.026039,0.072945,0.14950,0.0083402,liquid
135.87,5.1441,384.15,0.0026032,1.3819,1.4034,11.230,31.421,60.026,1084.0,-0.025911,0.072763,0.14931,0.0083157,liquid
136.00,5.1819,383.92,0.0026047,1.3898,1.4115,11.288,31.414,60.060,1082.5,-0.025781,0.072581,0.14912,0.0082912,liquid
136.13,5.2198,383.69,0.0026063,1.3977,1.4196,11.346,31.407,60.094,1081.0,-0.025651,0.072399,0.14893,0.0082667,liquid
136.27,5.2580,383.45,0.0026079,1.4056,1.4276,11.404,31.400,60.129,1079.6,-0.025521,0.072219,0.14874,0.0082422,liquid
136.40,5.2964,383.22,0.0026094,1.4135,1.4357,11.463,31.392,60.163,1078.1,-0.025390,0.072038,0.14855,0.0082177,liquid
136.53,5.3349,382.99,0.0026110,1.4214,1.4438,11.521,31.385,60.198,1076.6,-0.025258,0.071858,0.14836,0.0081932,liquid
136.67,5.3737,382.76,0.0026126,1.4294,1.4519,11.579,31.378,60.233,1075.1,-0.025125,0.071679,0.14817,0.0081687,liquid
136.80,5.4127,382.53,0.0026142,1.4373,1.4600,11.637,31.371,60.268,1073.6,-0.024992,0.071500,0.14798,0.0081443,liquid
136.93,5.4519,382.29,0.0026158,1.4452,1.4681,11.695,31.364,60.303,1072.1,-0.024858,0.071322,0.14779,0.0081198,liquid
137.07,5.4913,382.06,0.0026174,1.4531,1.4762,11.752,31.357,60.339,1070.6,-0.024723,0.071144,0.14760,0.0080954,liquid
137.20,5.5309,381.83,0.0026190,1.4610,1.4843,11.810,31.350,60.375,1069.2,-0.024588,0.070967,0.14741,0.0080710,liquid
137.33,5.5707,381.60,0.0026206,1.4690,1.4924,11.868,31.343,60.410,1067.7,-0.024452,0.070790,0.14722,0.0080466,liquid
137.47,5.6108,381.36,0.0026222,1.4769,1.5005,11.926,31.336,60.446,1066.2,-0.024315,0.070614,0.14703,0.0080222,liquid
137.60,5.6510,381.13,0.0026238,1.4848,1.5086,11.984,31.329,60.483,1064.7,-0.024178,0.070438,0.14684,0.0079978,liquid
137.73,5.6914,380.89,0.0026254,1.4928,1.5168,12.042,31.322,60.519,1063.2,-0.024040,0.070262,0.14665,0.0079734,liquid
137.87,5.7321,380.66,0.0026270,1.5007,1.5249,12.099,31.315,60.556,1061.7,-0.023901,0.070087,0.14646,0.0079490,liquid
138.00,5.7730,380.42,0.0026286,1.5087,1.5330,12.157,31.308,60.593,1060.2,-0.023762,0.069913,0.14627,0.0079247,liquid
138.13,5.8141,380.19,0.0026303,1.5166,1.5412,12.215,31.301,60.630,1058.7,-0.023621,0.069739,0.14607,0.0079003,liquid
138.27,5.8553,379.95,0.0026319,1.5246,1.5493,12.273,31.294,60.667,1057.2,-0.023480,0.069566,0.14588,0.0078760,liquid
138.40,5.8969,379.72,0.0026335,1.5325,1.5575,12.330,31.287,60.704,1055.7,-0.023339,0.069393,0.14569,0.0078517,liquid
138.53,5.9386,379.48,0.0026352,1.5405,1.5656,12.388,31.280,60.742,1054.2,-0.023196,0.069220,0.14550,0.0078274,liquid
138.67,5.9805,379.25,0.0026368,1.5485,1.5738,12.445,31.273,60.780,1052.7,-0.023053,0.069048,0.14531,0.0078031,liquid
138.80,6.0227,379.01,0.0026385,1.5564,1.5819,12.503,31.267,60.818,1051.2,-0.022909,0.068876,0.14512,0.0077788,liquid
138.93,6.0650,378.77,0.0026401,1.5644,1.5901,12.561,31.260,60.856,1049.7,-0.022764,0.068705,0.14493,0.0077545,liquid
139.07,6.1076,378.53,0.0026418,1.5724,1.5983,12.618,31.253,60.894,1048.2,-0.022619,0.068535,0.14474,0.0077303,liquid
139.20,6.1504,378.30,0.0026434,1.5804,1.6065,12.676,31.246,60.933,1046.7,-0.022472,0.068365,0.14455,0.0077060,liquid
139.33,6.1934,378.06,0.0026451,1.5884,1.6147,12.733,31.239,60.972,1045.2,-0.022325,0.068195,0.14436,0.0076818,liquid
139.47,6.2367,377.82,0.0026468,1.5964,1.6228,12.790,31.233,61.011,1043.7,-0.022178,0.068026,0.14417,0.0076576,liquid
139.60,6.2801,377.58,0.0026484,1.6044,1.6310,12.848,31.226,61.050,1042.2,-0.022029,0.067857,0.14398,0.0076334,liquid
139.73,6.3238,377.34,0.0026501,1.6124,1.6392,12.905,31.219,61.090,1040.7,-0.021880,0.067689,0.14379,0.0076092,liquid
139.87,6.3677,377.10,0.0026518,1.6204,1.6474,12.963,31.213,61.129,1039.2,-0.021730,0.067521,0.14360,0.0075850,liquid
140.00,6.4118,376.87,0.0026535,1.6284,1.6557,13.020,31.206,61.169,1037.7,-0.021579,0.067353,0.14341,0.0075608,liquid
140.13,6.4562,376.63,0.0026552,1.6364,1.6639,13.077,31.200,61.209,1036.2,-0.021427,0.067186,0.14322,0.0075366,liquid
140.27,6.5007,376.39,0.0026569,1.6444,1.6721,13.135,31.193,61.250,1034.6,-0.021274,0.067020,0.14303,0.0075125,liquid
140.40,6.5455,376.14,0.0026585,1.6524,1.6803,13.192,31.186,61.290,1033.1,-0.021121,0.066854,0.14284,0.0074884,liquid
140.53,6.5905,375.90,0.0026603,1.6604,1.6886,13.249,31.180,61.331,1031.6,-0.020967,0.066688,0.14265,0.0074642,liquid
140.67,6.6357,375.66,0.0026620,1.6685,1.6968,13.306,31.173,61.372,1030.1,-0.020812,0.066523,0.14246,0.0074401,liquid
140.80,6.6812,375.42,0.0026637,1.6765,1.7050,13.363,31.167,61.413,1028.6,-0.020656,0.066358,0.14227,0.0074160,liquid
140.93,6.7269,375.18,0.0026654,1.6845,1.7133,13.421,31.160,61.455,1027.1,-0.020499,0.066194,0.14208,0.0073919,liquid
141.07,6.7728,374.94,0.0026671,1.6926,1.7215,13.478,31.154,61.497,1025.5,-0.020342,0.066030,0.14189,0.0073679,liquid
141.20,6.8189,374.70,0.0026688,1.7006,1.7298,13.535,31.147,61.538,1024.0,-0.020183,0.065867,0.14170,0.0073438,liquid
141.33,6.8653,374.45,0.0026706,1.7087,1.7381,13.592,31.141,61.581,1022.5,-0.020024,0.065704,0.14151,0.0073198,liquid
141.47,6.9119,374.21,0.0026723,1.7167,1.7463,13.649,31.135,61.623,1021.0,-0.019864,0.065542,0.14132,0.0072957,liquid
141.60,6.9587,373.97,0.0026740,1.7248,1.7546,13.706,31.128,61.666,1019.5,-0.019703,0.065380,0.14113,0.0072717,liquid
141.73,7.0058,373.72,0.0026758,1.7328,1.7629,13.763,31.122,61.709,1017.9,-0.019541,0.065218,0.14094,0.0072477,liquid
141.87,7.0531,373.48,0.0026775,1.7409,1.7712,13.820,31.116,61.752,1016.4,-0.019378,0.065057,0.14075,0.0072237,liquid
142.00,7.1006,373.24,0.0026793,1.7490,1.7795,13.877,31.109,61.795,1014.9,-0.019215,0.064896,0.14056,0.0071997,liquid
142.13,7.1483,372.99,0.0026810,1.7570,1.7878,13.934,31.103,61.839,1013.3,-0.019050,0.064736,0.14037,0.0071757,liquid
142.27,7.1963,372.75,0.0026828,1.7651,1.7961,13.991,31.097,61.883,1011.8,-0.018885,0.064576,0.14018,0.0071518,liquid
142.40,7.2445,372.50,0.0026846,1.7732,1.8044,14.048,31.091,61.927,1010.3,-0.018719,0.064416,0.13999,0.0071278,liquid
142.53,7.2930,372.25,0.0026863,1.7813,1.8127,14.105,31.084,61.971,1008.8,-0.018552,0.064257,0.13980,0.0071039,liquid
142.67,7.3416,372.01,0.0026881,1.7894,1.8210,14.162,31.078,62.016,1007.2,-0.018383,0.064099,0.13961,0.0070799,liquid
142.80,7.3906,371.76,0.0026899,1.7975,1.8294,14.219,31.072,62.061,1005.7,-0.018214,0.063941,0.13942,0.0070560,liquid
142.93,7.4397,371.52,0.0026917,1.8056,1.8377,14.276,31.066,62.106,1004.1,-0.018044,0.063783,0.13923,0.0070321,liquid
143.07,7.4891,371.27,0.0026935,1.8137,1.8460,14.332,31.060,62.151,1002.6,-0.017873,0.063625,0.13904,0.0070083,liquid
143.20,7.5387,371.02,0.0026953,1.8218,1.8544,14.389,31.054,62.197,1001.1,-0.017702,0.063469,0.13885,0.0069844,liquid
143.33,7.5886,370.77,0.0026971,1.8299,1.8627,14.446,31.048,62.243,999.53,-0.017529,0.063312,0.13866,0.0069605,liquid
143.47,7.6387,370.53,0.0026989,1.8380,1.8711,14.503,31.042,62.289,997.99,-0.017355,0.063156,0.13847,0.0069367,liquid
143.60,7.6890,370.28,0.0027007,1.8461,1.8794,14.559,31.036,62.336,996.45,-0.017180,0.063000,0.13828,0.0069129,liquid
143.73,7.7396,370.03,0.0027025,1.8543,1.8878,14.616,31.030,62.382,994.90,-0.017005,0.062845,0.13809,0.0068890,liquid
143.87,7.7904,369.78,0.0027043,1.8624,1.8962,14.673,31.024,62.429,993.36,-0.016828,0.062690,0.13790,0.0068652,liquid
144.00,7.8415,369.53,0.0027061,1.8705,1.9046,14.730,31.018,62.477,991.81,-0.016650,0.062536,0.13771,0.0068414,liquid
144.13,7.8928,369.28,0.0027080,1.8787,1.9130,14.786,31.012,62.524,990.26,-0.016472,0.062382,0.13753,0.0068177,liquid
144.27,7.9443,369.03,0.0027098,1.8868,1.9213,14.843,31.006,62.572,988.71,-0.016292,0.062228,0.13734,0.0067939,liquid
144.40,7.9961,368.78,0.0027117,1.8950,1.9297,14.900,31.000,62.620,987.16,-0.016111,0.062075,0.13715,0.0067701,liquid
144.53,8.0482,368.53,0.0027135,1.9031,1.9381,14.956,30.994,62.669,985.61,-0.015930,0.061922,0.13696,0.0067464,liquid
144.67,8.1004,368.28,0.0027154,1.9113,1.9466,15.013,30.989,62.717,984.06,-0.015747,0.061770,0.13677,0.0067227,liquid
144.80,8.1530,368.02,0.0027172,1.9194,1.9550,15.069,30.983,62.766,982.51,-0.015563,0.061617,0.13658,0.0066990,liquid
144.93,8.2057,367.77,0.0027191,1.9276,1.9634,15.126,30.977,62.816,980.95,-0.015378,0.061466,0.13639,0.0066753,liquid
145.07,8.2587,367.52,0.0027209,1.9358,1.9718,15.182,30.971,62.865,979.39,-0.015193,0.061315,0.13620,0.0066516,liquid
145.20,8.3120,367.27,0.0027228,1.9440,1.9803,15.239,30.966,62.915,977.84,-0.015006,0.061164,0.13601,0.0066279,liquid
145.33,8.3655,367.01,0.0027247,1.9521,1.9887,15.295,30.960,62.965,976.28,-0.014818,0.061013,0.13582,0.0066043,liquid
145.47,8.4193,366.76,0.0027266,1.9603,1.9972,15.352,30.954,63.016,974.72,-0.014629,0.060863,0.13563,0.0065806,liquid
145.60,8.4733,366.51,0.0027285,1.9685,2.0056,15.408,30.949,63.066,973.16,-0.014439,0.060714,0.13544,0.0065570,liquid
145.73,8.5275,366.25,0.0027304,1.9767,2.0141,15.465,30.943,63.118,971.59,-0.014248,0.060564,0.13525,0.0065334,liquid
145.87,8.5820,366.00,0.0027323,1.9849,2.0225,15.521,30.938,63.169,970.03,-0.014055,0.060415,0.13506,0.0065098,liquid
146.00,8.6368,365.74,0.0027342,1.9931,2.0310,15.578,30.932,63.221,968.46,-0.013862,0.060267,0.13487,0.0064862,liquid
146.13,8.6918,365.49,0.0027361,2.0013,2.0395,15.634,30.927,63.273,966.90,-0.013667,0.060119,0.13468,0.0064626,liquid
146.27,8.7470,365.23,0.0027380,2.0096,2.0480,15.691,30.921,63.325,965.33,-0.013472,0.059971,0.13449,0.0064391,liquid
146.40,8.8026,364.97,0.0027399,2.0178,2.0565,15.747,30.916,63.378,963.76,-0.013275,0.059824,0.13430,0.0064155,liquid
146.53,8.8583,364.72,0.0027418,2.0260,2.0650,15.803,30.910,63.431,962.19,-0.013077,0.059677,0.13411,0.0063920,liquid
146.67,8.9144,364.46,0.0027438,2.0342,2.0735,15.860,30.905,63.484,960.61,-0.012878,0.059530,0.13392,0.0063685,liquid
146.80,8.9706,364.20,0.0027457,2.0425,2.0820,15.916,30.899,63.538,959.04,-0.012678,0.059384,0.13373,0.0063450,liquid
146.93,9.0272,363.95,0.0027477,2.0507,2.0905,15.972,30.894,63.592,957.46,-0.012477,0.059238,0.13354,0.0063215,liquid
147.07,9.0840,363.69,0.0027496,2.0590,2.0990,16.029,30.889,63.646,955.89,-0.012274,0.059093,0.13335,0.0062980,liquid
147.20,9.1410,363.43,0.0027516,2.0672,2.1076,16.085,30.884,63.701,954.31,-0.012071,0.058947,0.13316,0.0062745,liquid
147.33,9.1983,363.17,0.0027535,2.0755,2.1161,16.141,30.878,63.756,952.73,-0.011866,0.058803,0.13297,0.0062511,liquid
147.47,9.2559,362.91,0.0027555,2.0838,2.1247,16.197,30.873,63.811,951.15,-0.011660,0.058658,0.13278,0.0062277,liquid
147.60,9.3137,362.65,0.0027575,2.0920,2.1332,16.254,30.868,63.867,949.57,-0.011452,0.058514,0.13259,0.0062042,liquid
147.73,9.3718,362.39,0.0027595,2.1003,2.1418,16.310,30.863,63.923,947.98,-0.011244,0.058371,0.13240,0.0061808,liquid
147.87,9.4301,362.13,0.0027614,2.1086,2.1504,16.366,30.858,63.979,946.40,-0.011034,0.058227,0.13221,0.0061574,liquid
148.00,9.4887,361.87,0.0027634,2.1169,2.1589,16.422,30.852,64.036,944.81,-0.010823,0.058085,0.13202,0.0061341,liquid
148.13,9.5476,361.61,0.0027654,2.1252,2.1675,16.479,30.847,64.093,943.23,-0.010611,0.057942,0.13183,0.0061107,liquid
148.27,9.6067,361.34,0.0027674,2.1334,2.1761,16.535,30.842,64.150,941.64,-0.010398,0.057800,0.13164,0.0060874,liquid
148.40,9.6661,361.08,0.0027695,2.1417,2.1847,16.591,30.837,64.208,940.05,-0.010183,0.057658,0.13145,0.0060640,liquid
148.53,9.7258,360.82,0.0027715,2.1501,2.1933,16.647,30.832,64.266,938.45,-0.0099668,0.057517,0.13127,0.0060407,liquid
148.67,9.7857,360.56,0.0027735,2.1584,2.2019,16.703,30.827,64.325,936.86,-0.0097495,0.057375,0.13108,0.0060174,liquid
148.80,9.8459,360.29,0.0027755,2.1667,2.2105,16.759,30.822,64.384,935.27,-0.0095308,0.057235,0.13089,0.0059941,liquid
148.93,9.9063,360.03,0.0027776,2.1750,2.2192,16.815,30.818,64.443,933.67,-0.0093109,0.057094,0.13070,0.0059709,liquid
149.07,9.9670,359.76,0.0027796,2.1833,2.2278,16.872,30.813,64.503,932.07,-0.0090897,0.056954,0.13051,0.0059476,liquid
149.20,10.028,359.50,0.0027817,2.1917,2.2364,16.928,30.808,64.563,930.47,-0.0088671,0.056815,0.13032,0.0059244,liquid
149.33,10.089,359.23,0.0027837,2.2000,2.2451,16.984,30.803,64.624,928.87,-0.0086432,0.056675,0.13013,0.0059011,liquid
149.47,10.151,358.97,0.0027858,2.2084,2.2537,17.040,30.798,64.685,927.27,-0.0084180,0.056536,0.12994,0.0058779,liquid
149.60,10.213,358.70,0.0027878,2.2167,2.2624,17.096,30.794,64.746,925.67,-0.0081914,0.056398,0.12975,0.0058547,liquid
149.73,10.275,358.43,0.0027899,2.2251,2.2711,17.152,30.789,64.808,924.06,-0.0079634,0.056259,0.12956,0.0058315,liquid
149.87,10.337,358.17,0.0027920,2.2334,2.2797,17.208,30.784,64.870,922.45,-0.0077340,0.056121,0.12937,0.0058084,liquid
150.00,10.400,357.90,0.0027941,2.2418,2.2884,17.264,30.780,64.932,920.85,-0.0075032,0.055984,0.12918,0.0057852,liquid
150.13,10.462,357.63,0.0027962,2.2502,2.2971,17.320,30.775,64.995,919.24,-0.0072710,0.055846,0.12899,0.0057621,liquid
150.27,10.526,357.36,0.0027983,2.2586,2.3058,17.376,30.770,65.058,917.63,-0.0070374,0.055710,0.12880,0.0057390,liquid
150.40,10.589,357.09,0.0028004,2.2669,2.3145,17.432,30.766,65.122,916.01,-0.0068024,0.055573,0.12861,0.0057159,liquid
150.53,10.653,356.82,0.0028025,2.2753,2.3232,17.488,30.761,65.186,914.40,-0.0065659,0.055437,0.12842,0.0056928,liquid
150.67,10.717,356.55,0.0028046,2.2837,2.3320,17.544,30.757,65.251,912.78,-0.0063280,0.055301,0.12823,0.0056697,liquid
150.80,10.781,356.28,0.0028068,2.2921,2.3407,17.600,30.752,65.316,911.17,-0.0060886,0.055165,0.12804,0.0056466,liquid
150.93,10.846,356.01,0.0028089,2.3006,2.3494,17.656,30.748,65.381,909.55,-0.0058477,0.055030,0.12785,0.0056236,liquid
151.07,10.910,355.74,0.0028110,2.3090,2.3582,17.712,30.744,65.447,907.93,-0.0056054,0.054895,0.12766,0.0056006,liquid
151.20,10.975,355.47,0.0028132,2.3174,2.3669,17.768,30.739,65.514,906.30,-0.0053615,0.054760,0.12747,0.0055776,liquid
151.33,11.041,355.20,0.0028153,2.3258,2.3757,17.824,30.735,65.581,904.68,-0.0051161,0.054626,0.12728,0.0055546,liquid
151.47,11.106,354.92,0.0028175,2.3343,2.3845,17.880,30.731,65.648,903.06,-0.0048692,0.054492,0.12709,0.0055316,liquid
151.60,11.172,354.65,0.0028197,2.3427,2.3932,17.936,30.726,65.716,901.43,-0.0046207,0.054359,0.12690,0.0055086,liquid
151.73,11.239,354.38,0.0028219,2.3511,2.4020,17.992,30.722,65.784,899.80,-0.0043707,0.054225,0.12671,0.0054857,liquid
151.87,11.305,354.10,0.0028240,2.3596,2.4108,18.048,30.718,65.852,898.17,-0.0041191,0.054092,0.12652,0.0054627,liquid
152.00,11.372,353.83,0.0028262,2.3681,2.4196,18.104,30.714,65.922,896.54,-0.0038660,0.053960,0.12633,0.0054398,liquid
152.13,11.439,353.55,0.0028284,2.3765,2.4284,18.160,30.710,65.991,894.91,-0.0036112,0.053828,0.12615,0.0054169,liquid
152.27,11.506,353.28,0.0028307,2.3850,2.4372,18.216,30.706,66.061,893.27,-0.0033548,0.053696,0.12596,0.0053940,liquid
152.40,11.574,353.00,0.0028329,2.3935,2.4461,18.272,30.702,66.132,891.64,-0.0030968,0.053564,0.12577,0.0053712,liquid
152.53,11.642,352.72,0.0028351,2.4020,2.4549,18.328,30.698,66.203,890.00,-0.0028372,0.053433,0.12558,0.0053483,liquid
152.67,11.710,352.45,0.0028373,2.4105,2.4638,18.384,30.694,66.274,888.36,-0.0025759,0.053301,0.12539,0.0053255,liquid
152.80,11.778,352.17,0.0028396,2.4190,2.4726,18.440,30.690,66.346,886.72,-0.0023130,0.053171,0.12520,0.0053026,liquid
152.93,11.847,351.89,0.0028418,2.4275,2.4815,18.495,30.686,66.419,885.07,-0.0020483,0.053040,0.12501,0.0052798,liquid
153.07,11.916,351.61,0.0028441,2.4360,2.4903,18.551,30.682,66.492,883.43,-0.0017820,0.052910,0.12482,0.0052571,liquid
153.20,11.985,351.33,0.0028463,2.4445,2.4992,18.607,30.678,66.566,881.78,-0.0015140,0.052780,0.12463,0.0052343,liquid
153.33,12.055,351.05,0.0028486,2.4530,2.5081,18.663,30.675,66.640,880.14,-0.0012442,0.052651,0.12444,0.0052115,liquid
153.47,12.125,350.77,0.0028509,2.4615,2.5170,18.719,30.671,66.715,878.49,-0.00097271,0.052522,0.12425,0.0051888,liquid
153.60,12.195,350.49,0.0028532,2.4701,2.5259,18.775,30.667,66.790,876.83,-0.00069945,0.052393,0.12406,0.0051661,liquid
153.73,12.266,350.21,0.0028554,2.4786,2.5348,18.831,30.664,66.865,875.18,-0.00042442,0.052264,0.12387,0.0051434,liquid
153.87,12.336,349.93,0.0028577,2.4872,2.5437,18.887,30.660,66.942,873.53,-0.00014761,0.052136,0.12368,0.0051207,liquid
154.00,12.408,349.64,0.0028601,2.4957,2.5527,18.943,30.656,67.019,871.87,0.00013101,0.052008,0.12349,0.0050980,liquid
154.13,12.479,349.36,0.0028624,2.5043,2.5616,18.999,30.653,67.096,870.21,0.00041144,0.051880,0.12330,0.0050753,liquid
154.27,12.551,349.08,0.0028647,2.5129,2.5706,19.055,30.649,67.174,868.55,0.00069372,0.051753,0.12311,0.0050527,liquid
154.40,12.623,348.79,0.0028670,2.5215,2.5795,19.110,30.646,67.252,866.89,0.00097784,0.051626,0.12292,0.0050301,liquid
154.53,12.695,348.51,0.0028694,2.5300,2.5885,19.166,30.642,67.331,865.23,0.0012638,0.051499,0.12273,0.0050075,liquid
154.67,12.767,348.22,0.0028717,2.5386,2.5975,19.222,30.639,67.411,863.56,0.0015517,0.051373,0.12254,0.0049849,liquid
154.80,12.840,347.94,0.0028741,2.5472,2.6064,19.278,30.636,67.491,861.90,0.0018415,0.051247,0.12235,0.0049623,liquid
154.93,12.913,347.65,0.0028765,2.5558,2.6154,19.334,30.632,67.572,860.23,0.0021332,0.051121,0.12216,0.0049398,liquid
155.07,12.987,347.36,0.0028788,2.5645,2.6244,19.390,30.629,67.654,858.56,0.0024268,0.050995,0.12197,0.0049172,liquid
155.20,13.061,347.08,0.0028812,2.5731,2.6335,19.446,30.626,67.736,856.89,0.0027224,0.050870,0.12178,0.0048947,liquid
155.33,13.135,346.79,0.0028836,2.5817,2.6425,19.502,30.623,67.818,855.21,0.0030200,0.050745,0.12159,0.0048722,liquid
155.47,13.209,346.50,0.0028860,2.5903,2.6515,19.558,30.620,67.902,853.54,0.0033195,0.050620,0.12140,0.0048497,liquid
155.60,13.284,346.21,0.0028884,2.5990,2.6605,19.614,30.617,67.986,851.86,0.0036211,0.050496,0.12121,0.0048272,liquid
155.73,13.359,345.92,0.0028908,2.6076,2.6696,19.669,30.614,68.070,850.18,0.0039247,0.050372,0.12102,0.0048048,liquid
155.87,13.434,345.63,0.0028933,2.6163,2.6787,19.725,30.611,68.155,848.50,0.0042303,0.050248,0.12083,0.0047824,liquid
156.00,13.509,345.34,0.0028957,2.6250,2.6877,19.781,30.608,68.241,846.82,0.0045380,0.050124,0.12064,0.0047599,liquid
156.13,13.585,345.05,0.0028982,2.6336,2.6968,19.837,30.605,68.328,845.13,0.0048478,0.050001,0.12045,0.0047375,liquid
156.27,13.661,344.75,0.0029006,2.6423,2.7059,19.893,30.602,68.415,843.45,0.0051597,0.049878,0.12026,0.0047152,liquid
156.40,13.738,344.46,0.0029031,2.6510,2.7150,19.949,30.599,68.502,841.76,0.0054737,0.049755,0.12007,0.0046928,liquid
156.53,13.815,344.17,0.0029056,2.6597,2.7241,20.005,30.596,68.591,840.07,0.0057899,0.049633,0.11988,0.0046705,liquid
156.67,13.892,343.87,0.0029080,2.6684,2.7332,20.061,30.594,68.680,838.38,0.0061082,0.049510,0.11969,0.0046481,liquid
156.80,13.969,343.58,0.0029105,2.6771,2.7424,20.117,30.591,68.770,836.68,0.0064287,0.049388,0.11950,0.0046258,liquid
156.93,14.047,343.28,0.0029130,2.6859,2.7515,20.173,30.588,68.861,834.99,0.0067515,0.049267,0.11931,0.0046035,liquid
157.07,14.125,342.99,0.0029155,2.6946,2.7607,20.229,30.586,68.952,833.29,0.0070764,0.049145,0.11912,0.0045813,liquid
157.20,14.203,342.69,0.0029181,2.7033,2.7698,20.285,30.583,69.044,831.59,0.0074036,0.049024,0.11893,0.0045590,liquid
157.33,14.282,342.40,0.0029206,2.7121,2.7790,20.341,30.581,69.136,829.89,0.0077331,0.048903,0.11874,0.0045368,liquid
157.47,14.361,342.10,0.0029231,2.7208,2.7882,20.397,30.578,69.230,828.18,0.0080649,0.048783,0.11855,0.0045145,liquid
157.60,14.440,341.80,0.0029257,2.7296,2.7974,20.453,30.576,69.324,826.48,0.0083989,0.048662,0.11836,0.0044923,liquid
157.73,14.520,341.50,0.0029283,2.7383,2.8066,20.509,30.573,69.419,824.77,0.0087354,0.048542,0.11817,0.0044702,liquid
157.87,14.599,341.20,0.0029308,2.7471,2.8158,20.565,30.571,69.515,823.06,0.0090741,0.048423,0.11798,0.0044480,liquid
158.00,14.680,340.90,0.0029334,2.7559,2.8250,20.621,30.569,69.611,821.35,0.0094153,0.048303,0.11779,0.0044259,liquid
158.13,14.760,340.60,0.0029360,2.7647,2.8342,20.677,30.567,69.708,819.64,0.0097589,0.048184,0.11760,0.0044037,liquid
158.27,14.841,340.30,0.0029386,2.7735,2.8435,20.733,30.565,69.806,817.92,0.010105,0.048065,0.11741,0.0043816,liquid
158.40,14.922,340.00,0.0029412,2.7823,2.8527,20.789,30.562,69.905,816.20,0.010453,0.047946,0.11722,0.0043595,liquid
158.53,15.004,339.69,0.0029438,2.7911,2.8620,20.845,30.560,70.005,814.48,0.010804,0.047828,0.11703,0.0043375,liquid
158.67,15.085,339.39,0.0029465,2.8000,2.8713,20.901,30.558,70.105,812.76,0.011158,0.047709,0.11684,0.0043154,liquid
158.80,15.167,339.08,0.0029491,2.8088,2.8806,20.957,30.556,70.206,811.04,0.011514,0.047591,0.11664,0.0042934,liquid
158.93,15.250,338.78,0.0029518,2.8176,2.8899,21.013,30.555,70.308,809.31,0.011872,0.047474,0.11645,0.0042714,liquid
159.07,15.333,338.47,0.0029544,2.8265,2.8992,21.069,30.553,70.411,807.59,0.012233,0.047356,0.11626,0.0042494,liquid
159.20,15.416,338.17,0.0029571,2.8354,2.9085,21.125,30.551,70.515,805.86,0.012597,0.047239,0.11607,0.0042274,liquid
159.33,15.499,337.86,0.0029598,2.8442,2.9178,21.181,30.549,70.620,804.12,0.012963,0.047122,0.11588,0.0042054,liquid
159.47,15.583,337.55,0.0029625,2.8531,2.9272,21.238,30.547,70.725,802.39,0.013332,0.047005,0.11569,0.0041835,liquid
159.60,15.667,337.24,0.0029652,2.8620,2.9365,21.294,30.546,70.832,800.65,0.013704,0.046889,0.11550,0.0041616,liquid
159.73,15.751,336.94,0.0029679,2.8709,2.9459,21.350,30.544,70.939,798.92,0.014078,0.046773,0.11531,0.0041397,liquid
159.87,15.836,336.63,0.0029707,2.8798,2.9553,21.406,30.543,71.047,797.18,0.014456,0.046657,0.11512,0.0041178,liquid
160.00,15.921,336.31,0.0029734,2.8887,2.9647,21.462,30.541,71.156,795.43,0.014836,0.046541,0.11493,0.0040959,liquid
160.13,16.006,336.00,0.0029762,2.8977,2.9741,21.518,30.540,71.266,793.69,0.015218,0.046425,0.11474,0.0040741,liquid
160.27,16.092,335.69,0.0029789,2.9066,2.9835,21.575,30.538,71.377,791.94,0.015604,0.046310,0.11455,0.0040523,liquid
160.40,16.178,335.38,0.0029817,2.9155,2.9929,21.631,30.537,71.489,790.19,0.015992,0.046195,0.11436,0.0040305,liquid
160.53,16.264,335.07,0.0029845,2.9245,3.0024,21.687,30.536,71.602,788.44,0.016384,0.046080,0.11416,0.0040087,liquid
160.67,16.351,334.75,0.0029873,2.9334,3.0118,21.743,30.535,71.716,786.69,0.016778,0.045965,0.11397,0.0039869,liquid
160.80,16.438,334.44,0.0029901,2.9424,3.0213,21.800,30.534,71.831,784.93,0.017175,0.045851,0.11378,0.0039652,liquid
160.93,16.525,334.12,0.0029929,2.9514,3.0307,21.856,30.532,71.947,783.18,0.017575,0.045737,0.11359,0.0039435,liquid
161.07,16.613,333.80,0.0029958,2.9604,3.0402,21.912,30.531,72.064,781.42,0.017978,0.045623,0.11340,0.0039218,liquid
161.20,16.701,333.49,0.0029986,2.9694,3.0497,21.969,30.530,72.182,779.66,0.018385,0.045509,0.11321,0.0039001,liquid
161.33,16.789,333.17,0.0030015,2.9784,3.0593,22.025,30.530,72.301,777.89,0.018794,0.045396,0.11302,0.0038784,liquid
161.47,16.878,332.85,0.0030044,2.9874,3.0688,22.081,30.529,72.421,776.12,0.019206,0.045283,0.11283,0.0038568,liquid
161.60,16.967,332.53,0.0030072,2.9965,3.0783,22.138,30.528,72.542,774.36,0.019622,0.045170,0.11264,0.0038352,liquid
161.73,17.056,332.21,0.0030101,3.0055,3.0879,22.194,30.527,72.664,772.58,0.020040,0.045057,0.11244,0.0038136,liquid
161.87,17.145,331.89,0.0030131,3.0146,3.0974,22.251,30.527,72.787,770.81,0.020462,0.044944,0.11225,0.0037920,liquid
162.00,17.235,331.57,0.0030160,3.0236,3.1070,22.307,30.526,72.912,769.03,0.020888,0.044832,0.11206,0.0037705,liquid
162.13,17.326,331.24,0.0030189,3.0327,3.1166,22.364,30.525,73.037,767.26,0.021316,0.044720,0.11187,0.0037489,liquid
162.27,17.416,330.92,0.0030219,3.0418,3.1262,22.420,30.525,73.164,765.48,0.021748,0.044608,0.11168,0.0037274,liquid
162.40,17.507,330.60,0.0030248,3.0509,3.1358,22.477,30.525,73.292,763.69,0.022183,0.044496,0.11149,0.0037059,liquid
162.53,17.599,330.27,0.0030278,3.0600,3.1455,22.533,30.524,73.421,761.91,0.022622,0.044385,0.11129,0.0036844,liquid
162.67,17.691,329.94,0.0030308,3.0691,3.1551,22.590,30.524,73.551,760.12,0.023064,0.044274,0.11110,0.0036630,liquid
162.80,17.783,329.62,0.0030338,3.0782,3.1648,22.646,30.524,73.683,758.33,0.023509,0.044163,0.11091,0.0036416,liquid
162.93,17.875,329.29,0.0030368,3.0873,3.1744,22.703,30.524,73.816,756.54,0.023958,0.044052,0.11072,0.0036201,liquid
163.07,17.968,328.96,0.0030399,3.0965,3.1841,22.760,30.524,73.950,754.74,0.024411,0.043941,0.11053,0.0035988,liquid
163.20,18.061,328.63,0.0030429,3.1056,3.1938,22.816,30.524,74.085,752.94,0.024867,0.043831,0.11034,0.0035774,liquid
163.33,18.154,328.30,0.0030460,3.1148,3.2035,22.873,30.524,74.221,751.14,0.025327,0.043720,0.11014,0.0035560,liquid
163.47,18.248,327.97,0.0030491,3.1240,3.2133,22.930,30.524,74.359,749.34,0.025790,0.043610,0.10995,0.0035347,liquid
163.60,18.342,327.64,0.0030521,3.1332,3.2230,22.986,30.524,74.498,747.54,0.026257,0.043501,0.10976,0.0035134,liquid
163.73,18.436,327.31,0.0030553,3.1424,3.2328,23.043,30.524,74.639,745.73,0.026728,0.043391,0.10957,0.0034921,liquid
163.87,18.531,326.97,0.0030584,3.1516,3.2425,23.100,30.525,74.781,743.92,0.027203,0.043281,0.10938,0.0034709,liquid
164.00,18.626,326.64,0.0030615,3.1608,3.2523,23.157,30.525,74.924,742.10,0.027681,0.043172,0.10918,0.0034496,liquid
164.13,18.722,326.30,0.0030647,3.1701,3.2621,23.214,30.526,75.068,740.29,0.028164,0.043063,0.10899,0.0034284,liquid
164.27,18.818,325.96,0.0030678,3.1793,3.2719,23.271,30.526,75.214,738.47,0.028650,0.042954,0.10880,0.0034072,liquid
164.40,18.914,325.63,0.0030710,3.1886,3.2817,23.328,30.527,75.362,736.65,0.029141,0.042846,0.10861,0.0033861,liquid
164.53,19.010,325.29,0.0030742,3.1978,3.2916,23.384,30.528,75.511,734.83,0.029635,0.042737,0.10841,0.0033649,liquid
164.67,19.107,324.95,0.0030774,3.2071,3.3015,23.441,30.528,75.661,733.00,0.030133,0.042629,0.10822,0.0033438,liquid
164.80,19.205,324.61,0.0030806,3.2164,3.3113,23.499,30.529,75.813,731.17,0.030636,0.042521,0.10803,0.0033227,liquid
164.93,19.302,324.27,0.0030839,3.2257,3.3212,23.556,30.530,75.967,729.34,0.031143,0.042413,0.10784,0.0033016,liquid
165.07,19.400,323.93,0.0030871,3.2350,3.3311,23.613,30.531,76.122,727.51,0.031654,0.042305,0.10764,0.0032806,liquid
165.20,19.499,323.58,0.0030904,3.2444,3.3410,23.670,30.532,76.278,725.67,0.032169,0.042198,0.10745,0.0032595,liquid
165.33,19.597,323.24,0.0030937,3.2537,3.3510,23.727,30.534,76.436,723.83,0.032689,0.042090,0.10726,0.0032385,liquid
165.47,19.696,322.89,0.0030970,3.2631,3.3609,23.784,30.535,76.596,721.99,0.033213,0.041983,0.10706,0.0032175,liquid
165.60,19.796,322.55,0.0031003,3.2724,3.3709,23.841,30.536,76.758,720.14,0.033741,0.041876,0.10687,0.0031966,liquid
165.73,19.895,322.20,0.0031037,3.2818,3.3809,23.899,30.538,76.921,718.29,0.034274,0.041769,0.10668,0.0031756,liquid
165.87,19.996,321.85,0.0031070,3.2912,3.3909,23.956,30.539,77.086,716.44,0.034812,0.041663,0.10648,0.0031547,liquid
166.00,20.096,321.50,0.0031104,3.3006,3.4009,24.013,30.541,77.252,714.59,0.035354,0.041556,0.10629,0.0031338,liquid
166.13,20.197,321.15,0.0031138,3.3100,3.4109,24.071,30.543,77.421,712.73,0.035901,0.041450,0.10610,0.0031130,liquid
166.27,20.298,320.80,0.0031172,3.3195,3.4210,24.128,30.544,77.591,710.87,0.036452,0.041344,0.10590,0.0030921,liquid
166.40,20.400,320.45,0.0031206,3.3289,3.4311,24.186,30.546,77.763,709.01,0.037009,0.041238,0.10571,0.0030713,liquid
166.53,20.502,320.09,0.0031241,3.3384,3.4411,24.243,30.548,77.937,707.15,0.037570,0.041132,0.10552,0.0030505,liquid
166.67,20.604,319.74,0.0031275,3.3479,3.4512,24.301,30.550,78.112,705.28,0.038136,0.041026,0.10532,0.0030297,liquid
166.80,20.707,319.38,0.0031310,3.3573,3.4614,24.358,30.552,78.290,703.41,0.038707,0.040921,0.10513,0.0030090,liquid
166.93,20.810,319.03,0.0031345,3.3668,3.4715,24.416,30.555,78.469,701.53,0.039283,0.040815,0.10494,0.0029882,liquid
167.07,20.913,318.67,0.0031380,3.3764,3.4816,24.474,30.557,78.651,699.65,0.039864,0.040710,0.10474,0.0029675,liquid
167.20,21.017,318.31,0.0031416,3.3859,3.4918,24.531,30.559,78.834,697.77,0.040450,0.040605,0.10455,0.0029469,liquid
167.33,21.121,317.95,0.0031451,3.3954,3.5020,24.589,30.562,79.020,695.89,0.041042,0.040500,0.10436,0.0029262,liquid
167.47,21.226,317.59,0.0031487,3.4050,3.5122,24.647,30.564,79.207,694.00,0.041639,0.040395,0.10416,0.0029056,liquid
167.60,21.330,317.23,0.0031523,3.4146,3.5224,24.705,30.567,79.397,692.11,0.042241,0.040291,0.10397,0.0028850,liquid
167.73,21.436,316.87,0.0031559,3.4242,3.5327,24.763,30.570,79.589,690.22,0.042849,0.040186,0.10377,0.0028644,liquid
167.87,21.541,316.50,0.0031595,3.4338,3.5429,24.821,30.573,79.783,688.32,0.043462,0.040082,0.10358,0.0028439,liquid
168.00,21.647,316.14,0.0031632,3.4434,3.5532,24.879,30.576,79.979,686.42,0.044080,0.039978,0.10338,0.0028233,liquid
168.13,21.754,315.77,0.0031669,3.4530,3.5635,24.937,30.579,80.178,684.52,0.044705,0.039874,0.10319,0.0028028,liquid
168.27,21.861,315.40,0.0031706,3.4626,3.5738,24.995,30.582,80.379,682.61,0.045335,0.039770,0.10300,0.0027824,liquid
168.40,21.968,315.03,0.0031743,3.4723,3.5842,25.053,30.586,80.582,680.70,0.045971,0.039666,0.10280,0.0027619,liquid
168.53,22.075,314.66,0.0031780,3.4820,3.5945,25.111,30.589,80.787,678.79,0.046613,0.039563,0.10261,0.0027415,liquid
168.67,22.183,314.29,0.0031818,3.4917,3.6049,25.169,30.593,80.995,676.87,0.047261,0.039459,0.10241,0.0027211,liquid
168.80,22.292,313.92,0.0031856,3.5014,3.6153,25.228,30.596,81.206,674.95,0.047915,0.039356,0.10222,0.0027007,liquid
168.93,22.400,313.54,0.0031894,3.5111,3.6257,25.286,30.600,81.419,673.03,0.048575,0.039253,0.10202,0.0026804,liquid
169.07,22.509,313.17,0.0031932,3.5208,3.6362,25.345,30.604,81.634,671.10,0.049241,0.039150,0.10183,0.0026601,liquid
169.20,22.619,312.79,0.0031970,3.5306,3.6466,25.403,30.608,81.852,669.17,0.049913,0.039047,0.10163,0.0026398,liquid
169.33,22.729,312.41,0.0032009,3.5404,3.6571,25.462,30.612,82.073,667.24,0.050592,0.038944,0.10144,0.0026195,liquid
169.47,22.839,312.03,0.0032048,3.5502,3.6676,25.520,30.616,82.296,665.30,0.051278,0.038841,0.10124,0.0025993,liquid
169.60,22.949,311.65,0.0032087,3.5600,3.6781,25.579,30.620,82.522,663.36,0.051970,0.038739,0.10104,0.0025790,liquid
169.73,23.060,311.27,0.0032126,3.5698,3.6886,25.638,30.625,82.751,661.42,0.052669,0.038636,0.10085,0.0025589,liquid
169.87,23.172,310.89,0.0032166,3.5796,3.6992,25.697,30.630,82.983,659.47,0.053374,0.038534,0.10065,0.0025387,liquid
170.00,23.283,310.50,0.0032206,3.5895,3.7098,25.755,30.634,83.218,657.52,0.054087,0.038432,0.10046,0.0025186,liquid
170.13,23.396,310.12,0.0032246,3.5993,3.7204,25.814,30.639,83.456,655.56,0.054806,0.038330,0.10026,0.0024985,liquid
170.27,23.508,309.73,0.0032286,3.6092,3.7310,25.873,30.644,83.696,653.60,0.055532,0.038228,0.10007,0.0024784,liquid
170.40,23.621,309.34,0.0032327,3.6191,3.7416,25.932,30.649,83.940,651.64,0.056266,0.038126,0.099869,0.0024583,liquid
170.53,23.734,308.95,0.0032368,3.6291,3.7523,25.992,30.654,84.187,649.67,0.057007,0.038024,0.099673,0.0024383,liquid
170.67,23.848,308.56,0.0032409,3.6390,3.7630,26.051,30.660,84.437,647.70,0.057755,0.037923,0.099477,0.0024183,liquid
170.80,23.962,308.16,0.0032450,3.6490,3.7737,26.110,30.665,84.691,645.73,0.058511,0.037821,0.099280,0.0023984,liquid
170.93,24.077,307.77,0.0032492,3.6590,3.7845,26.169,30.671,84.947,643.75,0.059274,0.037719,0.099084,0.0023784,liquid
171.07,24.192,307.37,0.0032534,3.6690,3.7952,26.229,30.676,85.208,641.77,0.060046,0.037618,0.098887,0.0023585,liquid
171.20,24.307,306.98,0.0032576,3.6790,3.8060,26.288,30.682,85.471,639.78,0.060824,0.037517,0.098691,0.0023387,liquid
171.33,24.423,306.58,0.0032618,3.6890,3.8168,26.348,30.688,85.738,637.79,0.061611,0.037416,0.098494,0.0023188,liquid
171.47,24.539,306.18,0.0032661,3.6991,3.8276,26.408,30.695,86.009,635.79,0.062406,0.037315,0.098297,0.0022990,liquid
171.60,24.655,305.77,0.0032704,3.7091,3.8385,26.467,30.701,86.284,633.79,0.063210,0.037214,0.098100,0.0022792,liquid
171.73,24.772,305.37,0.0032747,3.7192,3.8494,26.527,30.707,86.562,631.79,0.064021,0.037113,0.097903,0.0022594,liquid
171.87,24.890,304.97,0.0032791,3.7294,3.8603,26.587,30.714,86.844,629.78,0.064841,0.037012,0.097705,0.0022397,liquid
172.00,25.007,304.56,0.0032834,3.7395,3.8712,26.647,30.721,87.130,627.77,0.065670,0.036911,0.097508,0.0022200,liquid
172.13,25.125,304.15,0.0032878,3.7496,3.8822,26.707,30.728,87.420,625.76,0.066507,0.036810,0.097311,0.0022003,liquid
172.27,25.244,303.74,0.0032923,3.7598,3.8932,26.767,30.735,87.714,623.74,0.067354,0.036710,0.097113,0.0021807,liquid
172.40,25.363,303.33,0.0032968,3.7700,3.9042,26.827,30.742,88.012,621.71,0.068209,0.036609,0.096915,0.0021611,liquid
172.53,25.482,302.92,0.0033013,3.7802,3.9152,26.888,30.750,88.315,619.68,0.069073,0.036509,0.096717,0.0021415,liquid
172.67,25.602,302.50,0.0033058,3.7905,3.9263,26.948,30.757,88.622,617.65,0.069947,0.036408,0.096520,0.0021220,liquid
172.80,25.722,302.08,0.0033103,3.8007,3.9373,27.009,30.765,88.933,615.61,0.070830,0.036308,0.096322,0.0021025,liquid
172.93,25.843,301.66,0.0033149,3.8110,3.9484,27.069,30.773,89.249,613.57,0.071723,0.036208,0.096123,0.0020830,liquid
173.07,25.964,301.24,0.0033196,3.8213,3.9596,27.130,30.781,89.570,611.52,0.072625,0.036108,0.095925,0.0020635,liquid
173.20,26.085,300.82,0.0033242,3.8316,3.9708,27.191,30.789,89.895,609.47,0.073538,0.036007,0.095727,0.0020441,liquid
173.33,26.207,300.40,0.0033289,3.8420,3.9820,27.251,30.798,90.225,607.41,0.074461,0.035907,0.095528,0.0020247,liquid
173.47,26.329,299.97,0.0033336,3.8524,3.9932,27.312,30.806,90.561,605.35,0.075393,0.035807,0.095330,0.0020053,liquid
173.60,26.452,299.54,0.0033384,3.8628,4.0044,27.373,30.815,90.901,603.28,0.076337,0.035707,0.095131,0.0019860,liquid
173.73,26.575,299.12,0.0033432,3.8732,4.0157,27.435,30.824,91.247,601.21,0.077291,0.035607,0.094932,0.0019667,liquid
173.87,26.698,298.68,0.0033480,3.8836,4.0270,27.496,30.834,91.598,599.13,0.078255,0.035507,0.094733,0.0019475,liquid
174.00,26.822,298.25,0.0033529,3.8941,4.0384,27.557,30.843,91.954,597.05,0.079231,0.035407,0.094534,0.0019282,liquid
174.13,26.947,297.82,0.0033578,3.9046,4.0497,27.619,30.853,92.316,594.96,0.080218,0.035308,0.094335,0.0019090,liquid
174.27,27.071,297.38,0.0033627,3.9151,4.0611,27.680,30.862,92.684,592.87,0.081216,0.035208,0.094136,0.0018899,liquid
174.40,27.197,296.94,0.0033677,3.9256,4.0726,27.742,30.872,93.058,590.77,0.082226,0.035108,0.093936,0.0018708,liquid
174.53,27.322,296.50,0.0033727,3.9362,4.0840,27.804,30.883,93.438,588.67,0.083247,0.035008,0.093737,0.0018517,liquid
174.67,27.448,296.05,0.0033778,3.9468,4.0955,27.866,30.893,93.824,586.56,0.084281,0.034908,0.093537,0.0018326,liquid
174.80,27.575,295.61,0.0033829,3.9574,4.1071,27.928,30.904,94.216,584.45,0.085326,0.034809,0.093337,0.0018136,liquid
174.93,27.701,295.16,0.0033880,3.9681,4.1186,27.990,30.915,94.615,582.33,0.086385,0.034709,0.093138,0.0017946,liquid
175.07,27.829,294.71,0.0033931,3.9787,4.1302,28.052,30.926,95.020,580.21,0.087455,0.034609,0.092938,0.0017756,liquid
175.20,27.957,294.26,0.0033984,3.9894,4.1418,28.115,30.937,95.432,578.08,0.088539,0.034510,0.092738,0.0017567,liquid
175.33,28.085,293.81,0.0034036,4.0001,4.1535,28.177,30.949,95.852,575.94,0.089635,0.034410,0.092537,0.0017378,liquid
175.47,28.213,293.35,0.0034089,4.0109,4.1652,28.240,30.961,96.278,573.80,0.090745,0.034310,0.092337,0.0017190,liquid
175.60,28.342,292.89,0.0034142,4.0217,4.1769,28.303,30.973,96.712,571.66,0.091869,0.034210,0.092137,0.0017002,liquid
175.73,28.472,292.43,0.0034196,4.0325,4.1887,28.366,30.985,97.154,569.50,0.093006,0.034111,0.091936,0.0016814,liquid
175.87,28.602,291.97,0.0034250,4.0433,4.2005,28.429,30.998,97.603,567.35,0.094158,0.034011,0.091736,0.0016626,liquid
176.00,28.732,291.50,0.0034305,4.0542,4.2123,28.492,31.011,98.060,565.18,0.095324,0.033911,0.091535,0.0016439,liquid
176.13,28.863,291.03,0.0034360,4.0651,4.2242,28.555,31.024,98.526,563.01,0.096504,0.033812,0.091334,0.0016253,liquid
176.27,28.994,290.56,0.0034416,4.0760,4.2361,28.619,31.037,99.000,560.83,0.097699,0.033712,0.091133,0.0016066,liquid
176.40,29.126,290.09,0.0034472,4.0870,4.2481,28.682,31.051,99.482,558.65,0.098910,0.033612,0.090932,0.0015880,liquid
176.53,29.258,289.62,0.0034529,4.0980,4.2600,28.746,31.065,99.974,556.46,0.10014,0.033512,0.090731,0.0015695,liquid
176.67,29.390,289.14,0.0034586,4.1090,4.2721,28.810,31.079,100.47,554.27,0.10138,0.033412,0.090530,0.0015510,liquid
176.80,29.523,288.66,0.0034643,4.1200,4.2841,28.874,31.094,100.98,552.06,0.10264,0.033312,0.090328,0.0015325,liquid
176.93,29.657,288.17,0.0034701,4.1311,4.2962,28.938,31.109,101.50,549.86,0.10391,0.033212,0.090127,0.0015140,liquid
177.07,29.791,287.69,0.0034760,4.1423,4.3084,29.003,31.124,102.03,547.64,0.10520,0.033112,0.089926,0.0014956,liquid
177.20,29.925,287.20,0.0034819,4.1534,4.3206,29.067,31.140,102.57,545.42,0.10651,0.033012,0.089724,0.0014773,liquid
177.33,30.060,286.71,0.0034879,4.1646,4.3328,29.132,31.155,103.13,543.19,0.10784,0.032912,0.089522,0.0014590,liquid
177.47,30.195,286.21,0.0034939,4.1758,4.3451,29.197,31.172,103.69,540.95,0.10918,0.032812,0.089321,0.0014407,liquid
177.60,30.331,285.72,0.0035000,4.1871,4.3574,29.262,31.188,104.26,538.71,0.11054,0.032712,0.089119,0.0014224,liquid
177.73,30.467,285.22,0.0035061,4.1984,4.3697,29.327,31.205,104.85,536.46,0.11192,0.032611,0.088917,0.0014042,liquid
177.87,30.603,284.72,0.0035123,4.2097,4.3821,29.393,31.222,105.44,534.20,0.11332,0.032511,0.088715,0.0013861,liquid
178.00,30.740,284.21,0.0035185,4.2211,4.3946,29.458,31.240,106.05,531.94,0.11474,0.032411,0.088513,0.0013680,liquid
178.13,30.878,283.70,0.0035248,4.2325,4.4071,29.524,31.258,106.67,529.67,0.11618,0.032310,0.088311,0.0013499,liquid
178.27,31.016,283.19,0.0035312,4.2439,4.4196,29.590,31.276,107.31,527.39,0.11764,0.032209,0.088109,0.0013318,liquid
178.40,31.154,282.67,0.0035376,4.2554,4.4322,29.656,31.295,107.96,525.10,0.11912,0.032108,0.087907,0.0013139,liquid
178.53,31.293,282.16,0.0035441,4.2669,4.4448,29.723,31.314,108.62,522.81,0.12062,0.032008,0.087705,0.0012959,liquid
178.67,31.432,281.64,0.0035507,4.2785,4.4575,29.789,31.334,109.30,520.50,0.12214,0.031906,0.087503,0.0012780,liquid
178.80,31.572,281.11,0.0035573,4.2901,4.4703,29.856,31.354,109.99,518.19,0.12368,0.031805,0.087301,0.0012601,liquid
178.93,31.713,280.58,0.0035640,4.3017,4.4830,29.923,31.374,110.70,515.87,0.12525,0.031704,0.087099,0.0012423,liquid
179.07,31.853,280.05,0.0035708,4.3134,4.4959,29.990,31.395,111.42,513.55,0.12684,0.031603,0.086897,0.0012246,liquid
179.20,31.995,279.52,0.0035776,4.3251,4.5088,30.058,31.416,112.16,511.21,0.12845,0.031501,0.086694,0.0012068,liquid
179.33,32.136,278.98,0.0035845,4.3369,4.5217,30.125,31.438,112.92,508.87,0.13009,0.031399,0.086492,0.0011891,liquid
179.47,32.278,278.44,0.0035915,4.3487,4.5347,30.193,31.460,113.69,506.51,0.13175,0.031297,0.086290,0.0011715,liquid
179.60,32.421,277.89,0.0035986,4.3606,4.5478,30.261,31.483,114.49,504.15,0.13344,0.031195,0.086088,0.0011539,liquid
179.73,32.564,277.34,0.0036057,4.3725,4.5609,30.330,31.506,115.30,501.78,0.13515,0.031093,0.085886,0.0011364,liquid
179.87,32.708,276.79,0.0036129,4.3845,4.5740,30.398,31.530,116.13,499.40,0.13689,0.030991,0.085684,0.0011189,liquid
180.00,32.852,276.23,0.0036202,4.3965,4.5873,30.467,31.554,116.99,497.01,0.13866,0.030888,0.085482,0.0011014,liquid