90.000,9.6918e-09,16520.,6.0532e-05,-8.2927,-8.2927,-57.241,59.512,84.645,2106.1,-0.062341,7.6243,0.20664,0.032682,liquid
90.350,1.1008e-08,16512.,6.0562e-05,-8.2631,-8.2631,-56.912,59.495,84.659,2103.7,-0.062326,7.4225,0.20653,0.032651,liquid
90.700,1.2494e-08,16504.,6.0593e-05,-8.2334,-8.2334,-56.585,59.479,84.674,2101.3,-0.062310,7.2277,0.20642,0.032621,liquid
91.050,1.4146e-08,16495.,6.0623e-05,-8.2038,-8.2038,-56.259,59.463,84.689,2098.9,-0.062294,7.0396,0.20631,0.032591,liquid
91.400,1.6027e-08,16487.,6.0653e-05,-8.1742,-8.1742,-55.934,59.447,84.704,2096.5,-0.062278,6.8579,0.20620,0.032560,liquid
91.750,1.8132e-08,16479.,6.0683e-05,-8.1445,-8.1445,-55.610,59.432,84.719,2094.2,-0.062262,6.6823,0.20609,0.032529,liquid
92.100,2.0493e-08,16471.,6.0714e-05,-8.1148,-8.1148,-55.288,59.416,84.734,2091.8,-0.062245,6.5127,0.20598,0.032499,liquid
92.450,2.3127e-08,16463.,6.0744e-05,-8.0852,-8.0852,-54.966,59.402,84.750,2089.4,-0.062229,6.3488,0.20586,0.032468,liquid
92.800,2.6070e-08,16454.,6.0774e-05,-8.0555,-8.0555,-54.646,59.387,84.765,2087.0,-0.062212,6.1904,0.20575,0.032437,liquid
93.150,2.9388e-08,16446.,6.0805e-05,-8.0259,-8.0259,-54.327,59.373,84.781,2084.6,-0.062195,6.0373,0.20563,0.032406,liquid
93.500,3.3072e-08,16438.,6.0835e-05,-7.9962,-7.9962,-54.009,59.359,84.797,2082.2,-0.062178,5.8892,0.20552,0.032375,liquid
93.850,3.7188e-08,16430.,6.0865e-05,-7.9665,-7.9665,-53.692,59.346,84.813,2079.8,-0.062160,5.7460,0.20540,0.032344,liquid
94.200,4.1772e-08,16422.,6.0896e-05,-7.9368,-7.9368,-53.376,59.332,84.830,2077.4,-0.062143,5.6075,0.20528,0.032312,liquid
94.550,4.6897e-08,16413.,6.0926e-05,-7.9071,-7.9071,-53.062,59.320,84.846,2075.0,-0.062125,5.4735,0.20516,0.032281,liquid
94.900,5.2578e-08,16405.,6.0957e-05,-7.8774,-7.8774,-52.748,59.307,84.863,2072.7,-0.062107,5.3438,0.20504,0.032249,liquid
95.250,5.8908e-08,16397.,6.0987e-05,-7.8477,-7.8477,-52.436,59.294,84.880,2070.3,-0.062089,5.2183,0.20492,0.032218,liquid
95.600,6.5941e-08,16389.,6.1017e-05,-7.8180,-7.8180,-52.124,59.282,84.896,2067.9,-0.062071,5.0969,0.20480,0.032186,liquid
95.950,7.3724e-08,16381.,6.1048e-05,-7.7883,-7.7883,-51.814,59.270,84.913,2065.5,-0.062053,4.9793,0.20468,0.032154,liquid
96.300,8.2396e-08,16372.,6.1078e-05,-7.7586,-7.7586,-51.505,59.259,84.931,2063.1,-0.062034,4.8654,0.20455,0.032122,liquid
96.650,9.1977e-08,16364.,6.1109e-05,-7.7288,-7.7288,-51.197,59.247,84.948,2060.7,-0.062016,4.7551,0.20443,0.032090,liquid
97.000,1.0259e-07,16356.,6.1139e-05,-7.6991,-7.6991,-50.889,59.236,84.965,2058.3,-0.061997,4.6483,0.20430,0.032058,liquid
97.350,1.1432e-07,16348.,6.1170e-05,-7.6694,-7.6694,-50.583,59.225,84.983,2055.9,-0.061978,4.5448,0.20418,0.032026,liquid
97.700,1.2729e-07,16340.,6.1201e-05,-7.6396,-7.6396,-50.278,59.214,85.001,2053.5,-0.061959,4.4446,0.20405,0.031993,liquid
98.050,1.4160e-07,16332.,6.1231e-05,-7.6099,-7.6099,-49.974,59.204,85.018,2051.1,-0.061940,4.3474,0.20392,0.031961,liquid
98.400,1.5741e-07,16323.,6.1262e-05,-7.5801,-7.5801,-49.671,59.194,85.036,2048.7,-0.061921,4.2532,0.20379,0.031929,liquid
98.750,1.7484e-07,16315.,6.1292e-05,-7.5503,-7.5503,-49.369,59.184,85.054,2046.3,-0.061901,4.1619,0.20367,0.031896,liquid
99.100,1.9404e-07,16307.,6.1323e-05,-7.5206,-7.5206,-49.069,59.174,85.072,2043.9,-0.061882,4.0733,0.20353,0.031863,liquid
99.450,2.1517e-07,16299.,6.1354e-05,-7.4908,-7.4908,-48.769,59.164,85.091,2041.5,-0.061862,3.9874,0.20340,0.031830,liquid
99.800,2.3840e-07,16291.,6.1384e-05,-7.4610,-7.4610,-48.470,59.155,85.109,2039.1,-0.061842,3.9041,0.20327,0.031798,liquid
100.15,2.6397e-07,16283.,6.1415e-05,-7.4312,-7.4312,-48.172,59.146,85.127,2036.7,-0.061822,3.8232,0.20314,0.031765,liquid
100.50,2.9204e-07,16275.,6.1446e-05,-7.4014,-7.4014,-47.875,59.137,85.146,2034.3,-0.061802,3.7448,0.20301,0.031732,liquid
100.85,3.2283e-07,16266.,6.1476e-05,-7.3716,-7.3716,-47.579,59.128,85.164,2031.9,-0.061782,3.6686,0.20287,0.031698,liquid
101.20,3.5661e-07,16258.,6.1507e-05,-7.3418,-7.3418,-47.283,59.119,85.183,2029.5,-0.061761,3.5947,0.20274,0.031665,liquid
101.55,3.9363e-07,16250.,6.1538e-05,-7.3120,-7.3120,-46.989,59.111,85.202,2027.2,-0.061741,3.5230,0.20260,0.031632,liquid
101.90,4.3419e-07,16242.,6.1569e-05,-7.2821,-7.2821,-46.696,59.102,85.221,2024.8,-0.061720,3.4533,0.20246,0.031598,liquid
102.25,4.7854e-07,16234.,6.1600e-05,-7.2523,-7.2523,-46.404,59.094,85.240,2022.4,-0.061699,3.3856,0.20233,0.031565,liquid
102.60,5.2707e-07,16226.,6.1630e-05,-7.2225,-7.2225,-46.113,59.086,85.259,2020.0,-0.061678,3.3198,0.20219,0.031531,liquid
102.95,5.8009e-07,16218.,6.1661e-05,-7.1926,-7.1926,-45.822,59.079,85.278,2017.6,-0.061657,3.2559,0.20205,0.031498,liquid
103.30,6.3800e-07,16209.,6.1692e-05,-7.1628,-7.1628,-45.533,59.071,85.297,2015.2,-0.061636,3.1939,0.20191,0.031464,liquid
103.65,7.0120e-07,16201.,6.1723e-05,-7.1329,-7.1329,-45.244,59.064,85.317,2012.8,-0.061615,3.1335,0.20177,0.031430,liquid
104.00,7.7010e-07,16193.,6.1754e-05,-7.1031,-7.1031,-44.957,59.057,85.336,2010.4,-0.061593,3.0749,0.20163,0.031396,liquid
104.35,8.4523e-07,16185.,6.1785e-05,-7.0732,-7.0732,-44.670,59.049,85.355,2008.0,-0.061572,3.0178,0.20148,0.031362,liquid
104.70,9.2702e-07,16177.,6.1816e-05,-7.0433,-7.0433,-44.384,59.043,85.375,2005.6,-0.061550,2.9623,0.20134,0.031328,liquid
105.05,1.0161e-06,16169.,6.1847e-05,-7.0134,-7.0134,-44.099,59.036,85.395,2003.2,-0.061529,2.9084,0.20120,0.031294,liquid
105.40,1.1129e-06,16161.,6.1878e-05,-6.9835,-6.9835,-43.815,59.029,85.414,2000.8,-0.061507,2.8559,0.20105,0.031259,liquid
105.75,1.2182e-06,16153.,6.1909e-05,-6.9536,-6.9536,-43.532,59.023,85.434,1998.4,-0.061485,2.8048,0.20091,0.031225,liquid
106.10,1.3325e-06,16145.,6.1940e-05,-6.9237,-6.9237,-43.249,59.016,85.454,1996.0,-0.061462,2.7551,0.20076,0.031190,liquid
106.45,1.4567e-06,16137.,6.1971e-05,-6.8938,-6.8938,-42.968,59.010,85.474,1993.6,-0.061440,2.7067,0.20062,0.031156,liquid
106.80,1.5914e-06,16128.,6.2002e-05,-6.8639,-6.8639,-42.687,59.004,85.494,1991.2,-0.061418,2.6596,0.20047,0.031121,liquid
107.15,1.7374e-06,16120.,6.2033e-05,-6.8340,-6.8340,-42.408,58.998,85.514,1988.8,-0.061395,2.6138,0.20032,0.031087,liquid
107.50,1.8957e-06,16112.,6.2065e-05,-6.8040,-6.8040,-42.129,58.992,85.534,1986.4,-0.061373,2.5691,0.20017,0.031052,liquid
107.85,2.0671e-06,16104.,6.2096e-05,-6.7741,-6.7741,-41.851,58.987,85.554,1984.1,-0.061350,2.5256,0.20002,0.031017,liquid
108.20,2.2526e-06,16096.,6.2127e-05,-6.7442,-6.7442,-41.573,58.981,85.574,1981.7,-0.061327,2.4832,0.19987,0.030982,liquid
108.55,2.4533e-06,16088.,6.2158e-05,-6.7142,-6.7142,-41.297,58.976,85.595,1979.3,-0.061304,2.4419,0.19972,0.030947,liquid
108.90,2.6702e-06,16080.,6.2189e-05,-6.6842,-6.6842,-41.021,58.971,85.615,1976.9,-0.061281,2.4017,0.19957,0.030912,liquid
109.25,2.9047e-06,16072.,6.2221e-05,-6.6543,-6.6543,-40.747,58.965,85.636,1974.5,-0.061258,2.3625,0.19942,0.030876,liquid
109.60,3.1578e-06,16064.,6.2252e-05,-6.6243,-6.6243,-40.473,58.960,85.656,1972.1,-0.061235,2.3242,0.19927,0.030841,liquid
109.95,3.4309e-06,16056.,6.2283e-05,-6.5943,-6.5943,-40.200,58.955,85.677,1969.7,-0.061211,2.2869,0.19911,0.030806,liquid
110.30,3.7256e-06,16048.,6.2315e-05,-6.5643,-6.5643,-39.927,58.951,85.697,1967.3,-0.061188,2.2506,0.19896,0.030770,liquid
110.65,4.0432e-06,16040.,6.2346e-05,-6.5343,-6.5343,-39.656,58.946,85.718,1964.9,-0.061164,2.2151,0.19880,0.030735,liquid
111.00,4.3854e-06,16031.,6.2377e-05,-6.5043,-6.5043,-39.385,58.941,85.739,1962.5,-0.061140,2.1805,0.19865,0.030699,liquid
111.35,4.7539e-06,16023.,6.2409e-05,-6.4743,-6.4743,-39.115,58.937,85.760,1960.2,-0.061116,2.1467,0.19849,0.030663,liquid
111.70,5.1505e-06,16015.,6.2440e-05,-6.4443,-6.4443,-38.846,58.933,85.781,1957.8,-0.061092,2.1138,0.19834,0.030627,liquid
112.05,5.5771e-06,16007.,6.2472e-05,-6.4143,-6.4143,-38.577,58.929,85.802,1955.4,-0.061068,2.0816,0.19818,0.030591,liquid
112.40,6.0358e-06,15999.,6.2503e-05,-6.3842,-6.3842,-38.310,58.924,85.823,1953.0,-0.061044,2.0502,0.19802,0.030555,liquid
112.75,6.5287e-06,15991.,6.2535e-05,-6.3542,-6.3542,-38.043,58.920,85.844,1950.6,-0.061020,2.0196,0.19786,0.030519,liquid
113.10,7.0580e-06,15983.,6.2566e-05,-6.3241,-6.3241,-37.777,58.917,85.865,1948.2,-0.060995,1.9897,0.19770,0.030483,liquid
113.45,7.6262e-06,15975.,6.2598e-05,-6.2941,-6.2941,-37.512,58.913,85.886,1945.8,-0.060971,1.9604,0.19754,0.030447,liquid
113.80,8.2358e-06,15967.,6.2629e-05,-6.2640,-6.2640,-37.247,58.909,85.907,1943.5,-0.060946,1.9319,0.19738,0.030411,liquid
114.15,8.8896e-06,15959.,6.2661e-05,-6.2339,-6.2339,-36.983,58.905,85.929,1941.1,-0.060921,1.9040,0.19722,0.030374,liquid
114.50,9.5903e-06,15951.,6.2692e-05,-6.2039,-6.2039,-36.720,58.902,85.950,1938.7,-0.060896,1.8767,0.19706,0.030338,liquid
114.85,1.0341e-05,15943.,6.2724e-05,-6.1738,-6.1738,-36.458,58.899,85.971,1936.3,-0.060871,1.8500,0.19690,0.030301,liquid
115.20,1.1145e-05,15935.,6.2756e-05,-6.1437,-6.1437,-36.196,58.895,85.993,1933.9,-0.060846,1.8240,0.19674,0.030265,liquid
115.55,1.2005e-05,15927.,6.2788e-05,-6.1136,-6.1136,-35.935,58.892,86.014,1931.5,-0.060821,1.7985,0.19657,0.030228,liquid
115.90,1.2925e-05,15919.,6.2819e-05,-6.0835,-6.0835,-35.675,58.889,86.036,1929.2,-0.060795,1.7736,0.19641,0.030191,liquid
116.25,1.3909e-05,15911.,6.2851e-05,-6.0534,-6.0534,-35.416,58.886,86.058,1926.8,-0.060770,1.7493,0.19624,0.030154,liquid
116.60,1.4961e-05,15903.,6.2883e-05,-6.0232,-6.0232,-35.157,58.883,86.079,1924.4,-0.060744,1.7255,0.19608,0.030118,liquid
116.95,1.6084e-05,15895.,6.2915e-05,-5.9931,-5.9931,-34.899,58.880,86.101,1922.0,-0.060718,1.7021,0.19591,0.030081,liquid
117.30,1.7284e-05,15887.,6.2946e-05,-5.9630,-5.9630,-34.641,58.878,86.123,1919.6,-0.060692,1.6793,0.19575,0.030043,liquid
117.65,1.8564e-05,15878.,6.2978e-05,-5.9328,-5.9328,-34.385,58.875,86.145,1917.3,-0.060666,1.6570,0.19558,0.030006,liquid
118.00,1.9929e-05,15870.,6.3010e-05,-5.9027,-5.9027,-34.129,58.873,86.167,1914.9,-0.060640,1.6352,0.19541,0.029969,liquid
118.35,2.1386e-05,15862.,6.3042e-05,-5.8725,-5.8725,-33.874,58.870,86.189,1912.5,-0.060614,1.6138,0.19524,0.029932,liquid
118.70,2.2938e-05,15854.,6.3074e-05,-5.8423,-5.8423,-33.619,58.868,86.211,1910.1,-0.060587,1.5929,0.19508,0.029894,liquid
119.05,2.4591e-05,15846.,6.3106e-05,-5.8122,-5.8122,-33.365,58.865,86.233,1907.8,-0.060561,1.5724,0.19491,0.029857,liquid
119.40,2.6352e-05,15838.,6.3138e-05,-5.7820,-5.7820,-33.112,58.863,86.255,1905.4,-0.060534,1.5523,0.19474,0.029820,liquid
119.75,2.8226e-05,15830.,6.3170e-05,-5.7518,-5.7518,-32.860,58.861,86.278,1903.0,-0.060507,1.5327,0.19457,0.029782,liquid
120.10,3.0220e-05,15822.,6.3202e-05,-5.7216,-5.7216,-32.608,58.859,86.300,1900.6,-0.060480,1.5134,0.19440,0.029744,liquid
120.45,3.2341e-05,15814.,6.3234e-05,-5.6914,-5.6914,-32.357,58.857,86.322,1898.3,-0.060453,1.4946,0.19423,0.029707,liquid
120.80,3.4595e-05,15806.,6.3266e-05,-5.6611,-5.6611,-32.106,58.855,86.345,1895.9,-0.060426,1.4761,0.19405,0.029669,liquid
121.15,3.6991e-05,15798.,6.3299e-05,-5.6309,-5.6309,-31.856,58.854,86.367,1893.5,-0.060399,1.4579,0.19388,0.029631,liquid
121.50,3.9535e-05,15790.,6.3331e-05,-5.6007,-5.6007,-31.607,58.852,86.390,1891.1,-0.060371,1.4402,0.19371,0.029593,liquid
121.85,4.2237e-05,15782.,6.3363e-05,-5.5705,-5.5704,-31.358,58.850,86.412,1888.8,-0.060344,1.4228,0.19354,0.029555,liquid
122.20,4.5105e-05,15774.,6.3395e-05,-5.5402,-5.5402,-31.111,58.849,86.435,1886.4,-0.060316,1.4057,0.19336,0.029517,liquid
122.55,4.8147e-05,15766.,6.3427e-05,-5.5099,-5.5099,-30.863,58.848,86.458,1884.0,-0.060288,1.3890,0.19319,0.029479,liquid
122.90,5.1373e-05,15758.,6.3460e-05,-5.4797,-5.4797,-30.617,58.846,86.480,1881.7,-0.060260,1.3726,0.19301,0.029440,liquid
123.25,5.4793e-05,15750.,6.3492e-05,-5.4494,-5.4494,-30.371,58.845,86.503,1879.3,-0.060232,1.3565,0.19284,0.029402,liquid
123.60,5.8417e-05,15742.,6.3524e-05,-5.4191,-5.4191,-30.125,58.844,86.526,1876.9,-0.060204,1.3407,0.19266,0.029364,liquid
123.95,6.2255e-05,15734.,6.3557e-05,-5.3888,-5.3888,-29.881,58.843,86.549,1874.6,-0.060176,1.3252,0.19249,0.029325,liquid
124.30,6.6320e-05,15726.,6.3589e-05,-5.3585,-5.3585,-29.637,58.842,86.572,1872.2,-0.060147,1.3100,0.19231,0.029287,liquid
124.65,7.0621e-05,15718.,6.3622e-05,-5.3282,-5.3282,-29.393,58.841,86.595,1869.8,-0.060119,1.2950,0.19213,0.029248,liquid
125.00,7.5173e-05,15710.,6.3654e-05,-5.2979,-5.2979,-29.150,58.840,86.619,1867.5,-0.060090,1.2804,0.19195,0.029210,liquid
125.35,7.9987e-05,15702.,6.3687e-05,-5.2676,-5.2676,-28.908,58.839,86.642,1865.1,-0.060061,1.2660,0.19178,0.029171,liquid
125.70,8.5076e-05,15694.,6.3719e-05,-5.2373,-5.2373,-28.667,58.838,86.665,1862.7,-0.060032,1.2519,0.19160,0.029132,liquid
126.05,9.0455e-05,15686.,6.3752e-05,-5.2069,-5.2069,-28.426,58.838,86.688,1860.4,-0.060003,1.2380,0.19142,0.029093,liquid
126.40,9.6138e-05,15678.,6.3784e-05,-5.1766,-5.1766,-28.185,58.837,86.712,1858.0,-0.059973,1.2244,0.19124,0.029054,liquid
126.75,0.00010214,15670.,6.3817e-05,-5.1462,-5.1462,-27.945,58.837,86.735,1855.6,-0.059944,1.2110,0.19106,0.029015,liquid
127.10,0.00010847,15662.,6.3850e-05,-5.1159,-5.1159,-27.706,58.836,86.759,1853.3,-0.059914,1.1979,0.19088,0.028976,liquid
127.45,0.00011516,15654.,6.3882e-05,-5.0855,-5.0855,-27.468,58.836,86.783,1850.9,-0.059885,1.1850,0.19070,0.028937,liquid
127.80,0.00012221,15646.,6.3915e-05,-5.0551,-5.0551,-27.229,58.836,86.806,1848.6,-0.059855,1.1723,0.19052,0.028898,liquid
128.15,0.00012965,15638.,6.3948e-05,-5.0247,-5.0247,-26.992,58.836,86.830,1846.2,-0.059825,1.1599,0.19033,0.028859,liquid
128.50,0.00013750,15630.,6.3981e-05,-4.9944,-4.9944,-26.755,58.836,86.854,1843.8,-0.059795,1.1476,0.19015,0.028819,liquid
128.85,0.00014576,15622.,6.4014e-05,-4.9640,-4.9639,-26.519,58.836,86.878,1841.5,-0.059764,1.1356,0.18997,0.028780,liquid
129.20,0.00015447,15614.,6.4046e-05,-4.9335,-4.9335,-26.283,58.836,86.902,1839.1,-0.059734,1.1238,0.18979,0.028741,liquid
129.55,0.00016364,15606.,6.4079e-05,-4.9031,-4.9031,-26.048,58.836,86.926,1836.8,-0.059703,1.1121,0.18960,0.028701,liquid
129.90,0.00017329,15598.,6.4112e-05,-4.8727,-4.8727,-25.814,58.836,86.950,1834.4,-0.059673,1.1007,0.18942,0.028661,liquid
130.25,0.00018345,15590.,6.4145e-05,-4.8423,-4.8423,-25.580,58.836,86.974,1832.0,-0.059642,1.0895,0.18923,0.028622,liquid
130.60,0.00019415,15582.,6.4178e-05,-4.8118,-4.8118,-25.346,58.837,86.998,1829.7,-0.059611,1.0784,0.18905,0.028582,liquid
130.95,0.00020539,15574.,6.4211e-05,-4.7814,-4.7814,-25.113,58.837,87.022,1827.3,-0.059580,1.0675,0.18886,0.028542,liquid
131.30,0.00021721,15566.,6.4244e-05,-4.7509,-4.7509,-24.881,58.838,87.047,1825.0,-0.059548,1.0568,0.18868,0.028503,liquid
131.65,0.00022964,15558.,6.4277e-05,-4.7204,-4.7204,-24.649,58.838,87.071,1822.6,-0.059517,1.0463,0.18849,0.028463,liquid
132.00,0.00024270,15550.,6.4310e-05,-4.6899,-4.6899,-24.418,58.839,87.096,1820.3,-0.059485,1.0360,0.18831,0.028423,liquid
132.35,0.00025642,15542.,6.4344e-05,-4.6595,-4.6595,-24.187,58.840,87.120,1817.9,-0.059453,1.0258,0.18812,0.028383,liquid
132.70,0.00027082,15534.,6.4377e-05,-4.6290,-4.6290,-23.957,58.841,87.145,1815.6,-0.059422,1.0157,0.18793,0.028343,liquid
133.05,0.00028594,15526.,6.4410e-05,-4.5985,-4.5985,-23.728,58.842,87.170,1813.2,-0.059390,1.0059,0.18774,0.028303,liquid
133.40,0.00030181,15518.,6.4443e-05,-4.5679,-4.5679,-23.499,58.843,87.194,1810.9,-0.059357,0.99617,0.18756,0.028262,liquid
133.75,0.00031846,15509.,6.4477e-05,-4.5374,-4.5374,-23.270,58.844,87.219,1808.5,-0.059325,0.98661,0.18737,0.028222,liquid
134.10,0.00033592,15501.,6.4510e-05,-4.5069,-4.5069,-23.042,58.845,87.244,1806.2,-0.059292,0.97720,0.18718,0.028182,liquid
134.45,0.00035424,15493.,6.4543e-05,-4.4763,-4.4763,-22.815,58.846,87.269,1803.8,-0.059260,0.96793,0.18699,0.028141,liquid
134.80,0.00037343,15485.,6.4577e-05,-4.4458,-4.4458,-22.588,58.847,87.294,1801.4,-0.059227,0.95881,0.18680,0.028101,liquid
135.15,0.00039354,15477.,6.4610e-05,-4.4152,-4.4152,-22.361,58.849,87.319,1799.1,-0.059194,0.94982,0.18661,0.028060,liquid
135.50,0.00041461,15469.,6.4644e-05,-4.3847,-4.3847,-22.135,58.850,87.345,1796.7,-0.059161,0.94098,0.18642,0.028020,liquid
135.85,0.00043668,15461.,6.4677e-05,-4.3541,-4.3541,-21.910,58.852,87.370,1794.4,-0.059128,0.93226,0.18623,0.027979,liquid
136.20,0.00045978,15453.,6.4711e-05,-4.3235,-4.3235,-21.685,58.853,87.395,1792.0,-0.059094,0.92367,0.18604,0.027939,liquid
136.55,0.00048397,15445.,6.4744e-05,-4.2929,-4.2929,-21.461,58.855,87.421,1789.7,-0.059061,0.91521,0.18585,0.027898,liquid
136.90,0.00050927,15437.,6.4778e-05,-4.2623,-4.2623,-21.237,58.856,87.446,1787.4,-0.059027,0.90688,0.18566,0.027857,liquid
137.25,0.00053574,15429.,6.4812e-05,-4.2317,-4.2317,-21.014,58.858,87.472,1785.0,-0.058993,0.89867,0.18546,0.027816,liquid
137.60,0.00056343,15421.,6.4845e-05,-4.2011,-4.2011,-20.791,58.860,87.497,1782.7,-0.058959,0.89058,0.18527,0.027775,liquid
137.95,0.00059238,15413.,6.4879e-05,-4.1705,-4.1705,-20.569,58.862,87.523,1780.3,-0.058925,0.88260,0.18508,0.027734,liquid
138.30,0.00062263,15405.,6.4913e-05,-4.1398,-4.1398,-20.347,58.864,87.549,1778.0,-0.058890,0.87474,0.18489,0.027693,liquid
138.65,0.00065425,15397.,6.4947e-05,-4.1092,-4.1092,-20.126,58.866,87.575,1775.6,-0.058856,0.86700,0.18469,0.027652,liquid
139.00,0.00068728,15389.,6.4981e-05,-4.0785,-4.0785,-19.905,58.869,87.601,1773.3,-0.058821,0.85936,0.18450,0.027611,liquid
139.35,0.00072178,15381.,6.5014e-05,-4.0479,-4.0479,-19.684,58.871,87.627,1770.9,-0.058786,0.85183,0.18430,0.027570,liquid
139.70,0.00075780,15373.,6.5048e-05,-4.0172,-4.0172,-19.465,58.873,87.653,1768.6,-0.058751,0.84441,0.18411,0.027529,liquid
140.05,0.00079539,15365.,6.5082e-05,-3.9865,-3.9865,-19.245,58.876,87.679,1766.2,-0.058716,0.83709,0.18391,0.027488,liquid
140.40,0.00083463,15357.,6.5116e-05,-3.9558,-3.9558,-19.026,58.878,87.705,1763.9,-0.058681,0.82987,0.18372,0.027446,liquid
140.75,0.00087557,15349.,6.5150e-05,-3.9251,-3.9251,-18.808,58.881,87.732,1761.5,-0.058645,0.82275,0.18352,0.027405,liquid
141.10,0.00091827,15341.,6.5185e-05,-3.8944,-3.8944,-18.590,58.883,87.758,1759.2,-0.058610,0.81573,0.18333,0.027363,liquid
141.45,0.00096280,15333.,6.5219e-05,-3.8637,-3.8637,-18.373,58.886,87.785,1756.9,-0.058574,0.80881,0.18313,0.027322,liquid
141.80,0.0010092,15325.,6.5253e-05,-3.8329,-3.8329,-18.156,58.889,87.811,1754.5,-0.058538,0.80198,0.18294,0.027280,liquid
142.15,0.0010576,15317.,6.5287e-05,-3.8022,-3.8022,-17.939,58.892,87.838,1752.2,-0.058502,0.79524,0.18274,0.027239,liquid
142.50,0.0011080,15309.,6.5321e-05,-3.7715,-3.7715,-17.723,58.895,87.864,1749.8,-0.058465,0.78859,0.18254,0.027197,liquid
142.85,0.0011605,15301.,6.5356e-05,-3.7407,-3.7407,-17.507,58.898,87.891,1747.5,-0.058429,0.78204,0.18234,0.027155,liquid
143.20,0.0012153,15293.,6.5390e-05,-3.7099,-3.7099,-17.292,58.901,87.918,1745.1,-0.058392,0.77556,0.18215,0.027113,liquid
143.55,0.0012722,15285.,6.5424e-05,-3.6792,-3.6792,-17.078,58.904,87.945,1742.8,-0.058355,0.76918,0.18195,0.027072,liquid
143.90,0.0013315,15277.,6.5459e-05,-3.6484,-3.6484,-16.863,58.908,87.972,1740.5,-0.058318,0.76288,0.18175,0.027030,liquid
144.25,0.0013932,15269.,6.5493e-05,-3.6176,-3.6176,-16.650,58.911,87.999,1738.1,-0.058281,0.75666,0.18155,0.026988,liquid
144.60,0.0014574,15261.,6.5528e-05,-3.5868,-3.5868,-16.436,58.914,88.026,1735.8,-0.058244,0.75052,0.18135,0.026946,liquid
144.95,0.0015242,15253.,6.5562e-05,-3.5560,-3.5560,-16.224,58.918,88.054,1733.4,-0.058206,0.74446,0.18115,0.026904,liquid
145.30,0.0015937,15245.,6.5597e-05,-3.5251,-3.5251,-16.011,58.922,88.081,1731.1,-0.058168,0.73848,0.18095,0.026862,liquid
145.65,0.0016659,15237.,6.5631e-05,-3.4943,-3.4943,-15.799,58.925,88.109,1728.7,-0.058131,0.73257,0.18075,0.026820,liquid
146.00,0.0017410,15229.,6.5666e-05,-3.4635,-3.4635,-15.588,58.929,88.136,1726.4,-0.058093,0.72674,0.18055,0.026777,liquid
146.35,0.0018191,15221.,6.5701e-05,-3.4326,-3.4326,-15.377,58.933,88.164,1724.1,-0.058054,0.72099,0.18035,0.026735,liquid
146.70,0.0019001,15213.,6.5735e-05,-3.4018,-3.4017,-15.166,58.937,88.191,1721.7,-0.058016,0.71530,0.18015,0.026693,liquid
147.05,0.0019844,15204.,6.5770e-05,-3.3709,-3.3709,-14.956,58.941,88.219,1719.4,-0.057977,0.70969,0.17995,0.026651,liquid
147.40,0.0020719,15196.,6.5805e-05,-3.3400,-3.3400,-14.746,58.945,88.247,1717.0,-0.057939,0.70415,0.17975,0.026608,liquid
147.75,0.0021627,15188.,6.5840e-05,-3.3091,-3.3091,-14.537,58.949,88.275,1714.7,-0.057900,0.69867,0.17955,0.026566,liquid
148.10,0.0022570,15180.,6.5875e-05,-3.2782,-3.2782,-14.328,58.954,88.303,1712.4,-0.057861,0.69327,0.17935,0.026523,liquid
148.45,0.0023549,15172.,6.5910e-05,-3.2473,-3.2473,-14.119,58.958,88.331,1710.0,-0.057821,0.68793,0.17915,0.026481,liquid
148.80,0.0024565,15164.,6.5945e-05,-3.2164,-3.2164,-13.911,58.963,88.359,1707.7,-0.057782,0.68265,0.17894,0.026438,liquid
149.15,0.0025619,15156.,6.5980e-05,-3.1854,-3.1854,-13.704,58.967,88.388,1705.3,-0.057742,0.67744,0.17874,0.026396,liquid
149.50,0.0026712,15148.,6.6015e-05,-3.1545,-3.1545,-13.497,58.972,88.416,1703.0,-0.057703,0.67229,0.17854,0.026353,liquid
149.85,0.0027846,15140.,6.6050e-05,-3.1236,-3.1235,-13.290,58.977,88.445,1700.7,-0.057663,0.66721,0.17834,0.026310,liquid
150.20,0.0029022,15132.,6.6085e-05,-3.0926,-3.0926,-13.083,58.982,88.473,1698.3,-0.057622,0.66218,0.17813,0.026267,liquid
150.55,0.0030240,15124.,6.6120e-05,-3.0616,-3.0616,-12.877,58.987,88.502,1696.0,-0.057582,0.65722,0.17793,0.026225,liquid
150.90,0.0031503,15116.,6.6156e-05,-3.0306,-3.0306,-12.672,58.992,88.530,1693.7,-0.057542,0.65231,0.17773,0.026182,liquid
151.25,0.0032811,15108.,6.6191e-05,-2.9997,-2.9996,-12.467,58.997,88.559,1691.3,-0.057501,0.64747,0.17752,0.026139,liquid
151.60,0.0034167,15100.,6.6226e-05,-2.9687,-2.9686,-12.262,59.002,88.588,1689.0,-0.057460,0.64267,0.17732,0.026096,liquid
151.95,0.0035571,15092.,6.6262e-05,-2.9376,-2.9376,-12.058,59.007,88.617,1686.6,-0.057419,0.63794,0.17711,0.026053,liquid
152.30,0.0037025,15084.,6.6297e-05,-2.9066,-2.9066,-11.854,59.013,88.646,1684.3,-0.057378,0.63326,0.17691,0.026010,liquid
152.65,0.0038531,15076.,6.6333e-05,-2.8756,-2.8756,-11.650,59.018,88.675,1682.0,-0.057336,0.62863,0.17670,0.025967,liquid
153.00,0.0040089,15067.,6.6368e-05,-2.8445,-2.8445,-11.447,59.024,88.705,1679.6,-0.057295,0.62406,0.17650,0.025924,liquid
153.35,0.0041702,15059.,6.6404e-05,-2.8135,-2.8135,-11.244,59.030,88.734,1677.3,-0.057253,0.61954,0.17629,0.025881,liquid
153.70,0.0043371,15051.,6.6439e-05,-2.7824,-2.7824,-11.042,59.035,88.763,1674.9,-0.057211,0.61507,0.17609,0.025837,liquid
154.05,0.0045098,15043.,6.6475e-05,-2.7514,-2.7513,-10.840,59.041,88.793,1672.6,-0.057169,0.61065,0.17588,0.025794,liquid
154.40,0.0046884,15035.,6.6511e-05,-2.7203,-2.7202,-10.639,59.047,88.823,1670.3,-0.057126,0.60629,0.17568,0.025751,liquid
154.75,0.0048731,15027.,6.6547e-05,-2.6892,-2.6892,-10.438,59.054,88.852,1667.9,-0.057084,0.60197,0.17547,0.025707,liquid
155.10,0.0050640,15019.,6.6582e-05,-2.6581,-2.6580,-10.237,59.060,88.882,1665.6,-0.057041,0.59770,0.17526,0.025664,liquid
155.45,0.0052615,15011.,6.6618e-05,-2.6270,-2.6269,-10.036,59.066,88.912,1663.3,-0.056998,0.59348,0.17506,0.025621,liquid
155.80,0.0054655,15003.,6.6654e-05,-2.5958,-2.5958,-9.8364,59.072,88.942,1660.9,-0.056955,0.58930,0.17485,0.025577,liquid
156.15,0.0056764,14995.,6.6690e-05,-2.5647,-2.5647,-9.6368,59.079,88.972,1658.6,-0.056912,0.58517,0.17464,0.025534,liquid
156.50,0.0058942,14987.,6.6726e-05,-2.5336,-2.5335,-9.4375,59.086,89.002,1656.2,-0.056868,0.58109,0.17444,0.025490,liquid
156.85,0.0061193,14979.,6.6762e-05,-2.5024,-2.5024,-9.2387,59.092,89.033,1653.9,-0.056825,0.57705,0.17423,0.025446,liquid
157.20,0.0063518,14970.,6.6798e-05,-2.4712,-2.4712,-9.0402,59.099,89.063,1651.6,-0.056781,0.57305,0.17402,0.025403,liquid
157.55,0.0065918,14962.,6.6834e-05,-2.4401,-2.4400,-8.8421,59.106,89.094,1649.2,-0.056737,0.56910,0.17381,0.025359,liquid
157.90,0.0068396,14954.,6.6871e-05,-2.4089,-2.4088,-8.6444,59.113,89.124,1646.9,-0.056692,0.56519,0.17361,0.025315,liquid
158.25,0.0070955,14946.,6.6907e-05,-2.3777,-2.3776,-8.4470,59.120,89.155,1644.5,-0.056648,0.56133,0.17340,0.025272,liquid
158.60,0.0073595,14938.,6.6943e-05,-2.3465,-2.3464,-8.2500,59.128,89.186,1642.2,-0.056603,0.55750,0.17319,0.025228,liquid
158.95,0.0076320,14930.,6.6980e-05,-2.3153,-2.3152,-8.0534,59.135,89.217,1639.9,-0.056558,0.55372,0.17298,0.025184,liquid
159.30,0.0079131,14922.,6.7016e-05,-2.2840,-2.2840,-7.8571,59.143,89.248,1637.5,-0.056513,0.54998,0.17277,0.025140,liquid
159.65,0.0082031,14914.,6.7052e-05,-2.2528,-2.2527,-7.6612,59.150,89.279,1635.2,-0.056468,0.54627,0.17256,0.025096,liquid
160.00,0.0085022,14906.,6.7089e-05,-2.2215,-2.2215,-7.4657,59.158,89.310,1632.9,-0.056422,0.54261,0.17235,0.025052,liquid
160.35,0.0088106,14897.,6.7125e-05,-2.1903,-2.1902,-7.2705,59.166,89.341,1630.5,-0.056377,0.53898,0.17214,0.025008,liquid
160.70,0.0091287,14889.,6.7162e-05,-2.1590,-2.1589,-7.0756,59.174,89.373,1628.2,-0.056331,0.53539,0.17193,0.024964,liquid
161.05,0.0094565,14881.,6.7199e-05,-2.1277,-2.1276,-6.8812,59.182,89.404,1625.8,-0.056285,0.53184,0.17173,0.024920,liquid
161.40,0.0097944,14873.,6.7235e-05,-2.0964,-2.0963,-6.6871,59.190,89.436,1623.5,-0.056238,0.52833,0.17152,0.024876,liquid
161.75,0.010143,14865.,6.7272e-05,-2.0651,-2.0650,-6.4933,59.198,89.468,1621.2,-0.056192,0.52485,0.17131,0.024832,liquid
162.10,0.010501,14857.,6.7309e-05,-2.0338,-2.0337,-6.2999,59.207,89.499,1618.8,-0.056145,0.52141,0.17110,0.024788,liquid
162.45,0.010871,14849.,6.7346e-05,-2.0025,-2.0024,-6.1068,59.215,89.531,1616.5,-0.056098,0.51800,0.17089,0.024744,liquid
162.80,0.011252,14841.,6.7383e-05,-1.9711,-1.9710,-5.9141,59.224,89.563,1614.1,-0.056051,0.51463,0.17067,0.024699,liquid
163.15,0.011644,14832.,6.7420e-05,-1.9398,-1.9397,-5.7217,59.233,89.596,1611.8,-0.056004,0.51130,0.17046,0.024655,liquid
163.50,0.012048,14824.,6.7457e-05,-1.9084,-1.9083,-5.5297,59.242,89.628,1609.5,-0.055956,0.50799,0.17025,0.024611,liquid
163.85,0.012463,14816.,6.7494e-05,-1.8770,-1.8769,-5.3380,59.251,89.660,1607.1,-0.055909,0.50472,0.17004,0.024566,liquid
164.20,0.012891,14808.,6.7531e-05,-1.8456,-1.8455,-5.1466,59.260,89.693,1604.8,-0.055861,0.50149,0.16983,0.024522,liquid
164.55,0.013332,14800.,6.7568e-05,-1.8142,-1.8141,-4.9556,59.269,89.725,1602.4,-0.055812,0.49828,0.16962,0.024477,liquid
164.90,0.013785,14792.,6.7605e-05,-1.7828,-1.7827,-4.7650,59.278,89.758,1600.1,-0.055764,0.49511,0.16941,0.024433,liquid
165.25,0.014251,14784.,6.7643e-05,-1.7514,-1.7513,-4.5746,59.288,89.791,1597.8,-0.055715,0.49197,0.16920,0.024388,liquid
165.60,0.014731,14775.,6.7680e-05,-1.7200,-1.7199,-4.3846,59.298,89.824,1595.4,-0.055667,0.48886,0.16899,0.024344,liquid
165.95,0.015224,14767.,6.7717e-05,-1.6885,-1.6884,-4.1949,59.307,89.857,1593.1,-0.055618,0.48578,0.16877,0.024299,liquid
166.30,0.015732,14759.,6.7755e-05,-1.6571,-1.6570,-4.0056,59.317,89.890,1590.7,-0.055568,0.48273,0.16856,0.024255,liquid
166.65,0.016254,14751.,6.7792e-05,-1.6256,-1.6255,-3.8166,59.327,89.923,1588.4,-0.055519,0.47971,0.16835,0.024210,liquid
167.00,0.016790,14743.,6.7830e-05,-1.5941,-1.5940,-3.6279,59.337,89.957,1586.1,-0.055469,0.47673,0.16814,0.024165,liquid
167.35,0.017342,14735.,6.7867e-05,-1.5626,-1.5625,-3.4395,59.348,89.990,1583.7,-0.055419,0.47377,0.16793,0.024121,liquid
167.70,0.017909,14726.,6.7905e-05,-1.5311,-1.5310,-3.2515,59.358,90.024,1581.4,-0.055369,0.47084,0.16771,0.024076,liquid
168.05,0.018491,14718.,6.7943e-05,-1.4996,-1.4995,-3.0638,59.369,90.058,1579.0,-0.055319,0.46793,0.16750,0.024031,liquid
168.40,0.019090,14710.,6.7981e-05,-1.4681,-1.4680,-2.8764,59.379,90.092,1576.7,-0.055268,0.46506,0.16729,0.023986,liquid
168.75,0.019705,14702.,6.8018e-05,-1.4366,-1.4364,-2.6893,59.390,90.126,1574.4,-0.055217,0.46221,0.16708,0.023941,liquid
169.10,0.020337,14694.,6.8056e-05,-1.4050,-1.4049,-2.5025,59.401,90.160,1572.0,-0.055166,0.45939,0.16686,0.023897,liquid
169.45,0.020986,14686.,6.8094e-05,-1.3735,-1.3733,-2.3161,59.412,90.194,1569.7,-0.055115,0.45660,0.16665,0.023852,liquid
169.80,0.021653,14677.,6.8132e-05,-1.3419,-1.3417,-2.1299,59.423,90.229,1567.3,-0.055064,0.45383,0.16644,0.023807,liquid
170.15,0.022337,14669.,6.8170e-05,-1.3103,-1.3101,-1.9441,59.435,90.263,1565.0,-0.055012,0.45109,0.16622,0.023762,liquid
170.50,0.023040,14661.,6.8208e-05,-1.2787,-1.2785,-1.7586,59.446,90.298,1562.7,-0.054960,0.44838,0.16601,0.023717,liquid
170.85,0.023761,14653.,6.8246e-05,-1.2471,-1.2469,-1.5734,59.458,90.333,1560.3,-0.054908,0.44569,0.16580,0.023672,liquid
171.20,0.024501,14645.,6.8285e-05,-1.2155,-1.2153,-1.3885,59.470,90.368,1558.0,-0.054856,0.44302,0.16558,0.023627,liquid
171.55,0.025261,14636.,6.8323e-05,-1.1838,-1.1837,-1.2039,59.482,90.403,1555.6,-0.054803,0.44039,0.16537,0.023582,liquid
171.90,0.026041,14628.,6.8361e-05,-1.1522,-1.1520,-1.0197,59.494,90.438,1553.3,-0.054750,0.43777,0.16516,0.023536,liquid
172.25,0.026841,14620.,6.8400e-05,-1.1205,-1.1204,-0.83568,59.506,90.473,1550.9,-0.054697,0.43518,0.16494,0.023491,liquid
172.60,0.027661,14612.,6.8438e-05,-1.0889,-1.0887,-0.65200,59.518,90.509,1548.6,-0.054644,0.43262,0.16473,0.023446,liquid
172.95,0.028503,14604.,6.8477e-05,-1.0572,-1.0570,-0.46863,59.531,90.544,1546.3,-0.054590,0.43007,0.16452,0.023401,liquid
173.30,0.029366,14595.,6.8515e-05,-1.0255,-1.0253,-0.28555,59.543,90.580,1543.9,-0.054536,0.42755,0.16430,0.023356,liquid
173.65,0.030252,14587.,6.8554e-05,-0.99378,-0.99357,-0.10277,59.556,90.616,1541.6,-0.054482,0.42506,0.16409,0.023310,liquid
174.00,0.031159,14579.,6.8593e-05,-0.96206,-0.96185,0.079712,59.569,90.652,1539.2,-0.054428,0.42258,0.16387,0.023265,liquid
174.35,0.032090,14571.,6.8631e-05,-0.93033,-0.93011,0.26190,59.582,90.688,1536.9,-0.054373,0.42013,0.16366,0.023220,liquid
174.70,0.033044,14562.,6.8670e-05,-0.89858,-0.89836,0.44380,59.595,90.725,1534.6,-0.054319,0.41771,0.16344,0.023174,liquid
175.05,0.034021,14554.,6.8709e-05,-0.86682,-0.86659,0.62540,59.609,90.761,1532.2,-0.054264,0.41530,0.16323,0.023129,liquid
175.40,0.035023,14546.,6.8748e-05,-0.83505,-0.83481,0.80672,59.622,90.797,1529.9,-0.054208,0.41291,0.16302,0.023084,liquid
175.75,0.036050,14538.,6.8787e-05,-0.80327,-0.80302,0.98774,59.636,90.834,1527.5,-0.054153,0.41055,0.16280,0.023038,liquid
176.10,0.037102,14529.,6.8826e-05,-0.77147,-0.77122,1.1685,59.650,90.871,1525.2,-0.054097,0.40821,0.16259,0.022993,liquid
176.45,0.038179,14521.,6.8865e-05,-0.73967,-0.73940,1.3489,59.664,90.908,1522.8,-0.054041,0.40589,0.16237,0.022947,liquid
176.80,0.039283,14513.,6.8904e-05,-0.70784,-0.70757,1.5291,59.678,90.945,1520.5,-0.053985,0.40358,0.16216,0.022902,liquid
177.15,0.040414,14505.,6.8944e-05,-0.67601,-0.67573,1.7090,59.692,90.982,1518.2,-0.053928,0.40130,0.16194,0.022856,liquid
177.50,0.041571,14496.,6.8983e-05,-0.64416,-0.64387,1.8886,59.706,91.020,1515.8,-0.053872,0.39904,0.16173,0.022811,liquid
177.85,0.042757,14488.,6.9022e-05,-0.61230,-0.61200,2.0679,59.721,91.058,1513.5,-0.053815,0.39680,0.16151,0.022765,liquid
178.20,0.043971,14480.,6.9062e-05,-0.58043,-0.58012,2.2470,59.736,91.095,1511.1,-0.053757,0.39458,0.16130,0.022719,liquid
178.55,0.045213,14472.,6.9101e-05,-0.54854,-0.54823,2.4257,59.751,91.133,1508.8,-0.053700,0.39238,0.16108,0.022674,liquid
178.90,0.046485,14463.,6.9141e-05,-0.51664,-0.51632,2.6042,59.766,91.171,1506.5,-0.053642,0.39020,0.16087,0.022628,liquid
179.25,0.047786,14455.,6.9180e-05,-0.48472,-0.48439,2.7824,59.781,91.209,1504.1,-0.053584,0.38803,0.16065,0.022582,liquid
179.60,0.049118,14447.,6.9220e-05,-0.45280,-0.45246,2.9604,59.796,91.248,1501.8,-0.053526,0.38589,0.16044,0.022537,liquid
179.95,0.050481,14438.,6.9260e-05,-0.42086,-0.42051,3.1380,59.811,91.286,1499.4,-0.053467,0.38376,0.16022,0.022491,liquid
180.30,0.051875,14430.,6.9299e-05,-0.38890,-0.38854,3.3154,59.827,91.325,1497.1,-0.053408,0.38165,0.16001,0.022445,liquid
180.65,0.053302,14422.,6.9339e-05,-0.35694,-0.35657,3.4926,59.843,91.364,1494.7,-0.053349,0.37956,0.15979,0.022399,liquid
181.00,0.054761,14414.,6.9379e-05,-0.32495,-0.32457,3.6694,59.859,91.403,1492.4,-0.053290,0.37749,0.15958,0.022353,liquid
181.35,0.056253,14405.,6.9419e-05,-0.29296,-0.29257,3.8460,59.875,91.442,1490.1,-0.053230,0.37543,0.15936,0.022308,liquid
181.70,0.057779,14397.,6.9459e-05,-0.26095,-0.26055,4.0224,59.891,91.481,1487.7,-0.053170,0.37340,0.15914,0.022262,liquid
182.05,0.059340,14389.,6.9499e-05,-0.22893,-0.22852,4.1984,59.908,91.520,1485.4,-0.053110,0.37138,0.15893,0.022216,liquid
182.40,0.060935,14380.,6.9540e-05,-0.19689,-0.19647,4.3742,59.924,91.560,1483.0,-0.053050,0.36937,0.15871,0.022170,liquid
182.75,0.062566,14372.,6.9580e-05,-0.16485,-0.16441,4.5498,59.941,91.600,1480.7,-0.052989,0.36739,0.15850,0.022124,liquid
183.10,0.064234,14364.,6.9620e-05,-0.13278,-0.13234,4.7250,59.958,91.640,1478.3,-0.052928,0.36542,0.15828,0.022078,liquid
183.45,0.065938,14355.,6.9661e-05,-0.10071,-0.10025,4.9001,59.975,91.680,1476.0,-0.052867,0.36346,0.15807,0.022032,liquid
183.80,0.067680,14347.,6.9701e-05,-0.068614,-0.068142,5.0748,59.992,91.720,1473.7,-0.052805,0.36153,0.15785,0.021986,liquid
184.15,0.069459,14339.,6.9742e-05,-0.036509,-0.036025,5.2493,60.009,91.760,1471.3,-0.052744,0.35960,0.15764,0.021940,liquid
184.50,0.071278,14330.,6.9782e-05,-0.0043900,-0.0038926,5.4236,60.027,91.801,1469.0,-0.052682,0.35770,0.15742,0.021894,liquid
184.85,0.073136,14322.,6.9823e-05,0.027743,0.028254,5.5976,60.045,91.842,1466.6,-0.052619,0.35581,0.15720,0.021848,liquid
185.20,0.075034,14314.,6.9863e-05,0.059891,0.060415,5.7713,60.062,91.883,1464.3,-0.052557,0.35394,0.15699,0.021802,liquid
185.55,0.076972,14305.,6.9904e-05,0.092052,0.092590,5.9448,60.080,91.924,1462.0,-0.052494,0.35208,0.15677,0.021756,liquid
185.90,0.078952,14297.,6.9945e-05,0.12423,0.12478,6.1181,60.099,91.965,1459.6,-0.052431,0.35023,0.15656,0.021710,liquid
186.25,0.080975,14289.,6.9986e-05,0.15642,0.15699,6.2911,60.117,92.007,1457.3,-0.052367,0.34841,0.15634,0.021663,liquid
186.60,0.083039,14280.,7.0027e-05,0.18862,0.18920,6.4638,60.135,92.048,1454.9,-0.052303,0.34659,0.15612,0.021617,liquid
186.95,0.085148,14272.,7.0068e-05,0.22084,0.22144,6.6363,60.154,92.090,1452.6,-0.052239,0.34479,0.15591,0.021571,liquid
187.30,0.087300,14263.,7.0109e-05,0.25308,0.25369,6.8086,60.173,92.132,1450.3,-0.052175,0.34301,0.15569,0.021525,liquid
187.65,0.089498,14255.,7.0150e-05,0.28532,0.28595,6.9806,60.192,92.174,1447.9,-0.052110,0.34124,0.15548,0.021479,liquid
188.00,0.091741,14247.,7.0192e-05,0.31759,0.31823,7.1524,60.211,92.216,1445.6,-0.052045,0.33948,0.15526,0.021432,liquid
188.35,0.094030,14238.,7.0233e-05,0.34986,0.35053,7.3239,60.230,92.259,1443.2,-0.051980,0.33774,0.15505,0.021386,liquid
188.70,0.096366,14230.,7.0274e-05,0.38216,0.38283,7.4952,60.250,92.301,1440.9,-0.051915,0.33601,0.15483,0.021340,liquid
189.05,0.098750,14222.,7.0316e-05,0.41446,0.41516,7.6663,60.269,92.344,1438.6,-0.051849,0.33430,0.15461,0.021294,liquid
189.40,0.10118,14213.,7.0357e-05,0.44679,0.44750,7.8371,60.289,92.387,1436.2,-0.051783,0.33260,0.15440,0.021247,liquid
189.75,0.10366,14205.,7.0399e-05,0.47912,0.47985,8.0077,60.309,92.430,1433.9,-0.051716,0.33091,0.15418,0.021201,liquid
190.10,0.10620,14196.,7.0441e-05,0.51148,0.51222,8.1780,60.329,92.474,1431.6,-0.051650,0.32923,0.15397,0.021155,liquid
190.45,0.10878,14188.,7.0483e-05,0.54384,0.54461,8.3481,60.349,92.517,1429.2,-0.051583,0.32757,0.15375,0.021108,liquid
190.80,0.11141,14179.,7.0524e-05,0.57623,0.57701,8.5180,60.370,92.561,1426.9,-0.051515,0.32593,0.15353,0.021062,liquid
191.15,0.11410,14171.,7.0566e-05,0.60862,0.60943,8.6876,60.391,92.605,1424.5,-0.051448,0.32429,0.15332,0.021015,liquid
191.50,0.11684,14163.,7.0608e-05,0.64104,0.64186,8.8571,60.411,92.649,1422.2,-0.051380,0.32267,0.15310,0.020969,liquid
191.85,0.11963,14154.,7.0650e-05,0.67346,0.67431,9.0262,60.432,92.694,1419.9,-0.051312,0.32106,0.15289,0.020923,liquid
192.20,0.12248,14146.,7.0693e-05,0.70591,0.70677,9.1952,60.453,92.738,1417.5,-0.051243,0.31946,0.15267,0.020876,liquid
192.55,0.12538,14137.,7.0735e-05,0.73837,0.73925,9.3639,60.475,92.783,1415.2,-0.051174,0.31787,0.15246,0.020830,liquid
192.90,0.12834,14129.,7.0777e-05,0.77084,0.77175,9.5324,60.496,92.828,1412.9,-0.051105,0.31630,0.15224,0.020783,liquid
193.25,0.13136,14120.,7.0819e-05,0.80333,0.80426,9.7007,60.518,92.873,1410.5,-0.051036,0.31474,0.15202,0.020737,liquid
193.60,0.13443,14112.,7.0862e-05,0.83584,0.83679,9.8688,60.539,92.918,1408.2,-0.050966,0.31319,0.15181,0.020690,liquid
193.95,0.13757,14104.,7.0904e-05,0.86836,0.86933,10.037,60.561,92.963,1405.8,-0.050896,0.31165,0.15159,0.020644,liquid
194.30,0.14076,14095.,7.0947e-05,0.90089,0.90189,10.204,60.583,93.009,1403.5,-0.050825,0.31013,0.15138,0.020597,liquid
194.65,0.14402,14087.,7.0990e-05,0.93345,0.93447,10.372,60.606,93.055,1401.2,-0.050755,0.30861,0.15116,0.020550,liquid
195.00,0.14733,14078.,7.1032e-05,0.96602,0.96706,10.539,60.628,93.101,1398.8,-0.050684,0.30711,0.15095,0.020504,liquid
195.35,0.15071,14070.,7.1075e-05,0.99860,0.99967,10.706,60.651,93.147,1396.5,-0.050612,0.30562,0.15073,0.020457,liquid
195.70,0.15415,14061.,7.1118e-05,1.0312,1.0323,10.872,60.673,93.193,1394.2,-0.050540,0.30414,0.15052,0.020411,liquid
196.05,0.15765,14053.,7.1161e-05,1.0638,1.0649,11.039,60.696,93.240,1391.8,-0.050468,0.30267,0.15030,0.020364,liquid
196.40,0.16122,14044.,7.1204e-05,1.0965,1.0976,11.205,60.719,93.287,1389.5,-0.050396,0.30121,0.15008,0.020317,liquid
196.75,0.16486,14036.,7.1247e-05,1.1291,1.1303,11.371,60.743,93.334,1387.2,-0.050323,0.29976,0.14987,0.020271,liquid
197.10,0.16856,14027.,7.1290e-05,1.1618,1.1630,11.537,60.766,93.381,1384.8,-0.050250,0.29833,0.14965,0.020224,liquid
197.45,0.17233,14019.,7.1334e-05,1.1944,1.1957,11.703,60.790,93.429,1382.5,-0.050177,0.29690,0.14944,0.020178,liquid
197.80,0.17617,14010.,7.1377e-05,1.2271,1.2284,11.868,60.813,93.476,1380.2,-0.050103,0.29548,0.14922,0.020131,liquid
198.15,0.18008,14002.,7.1420e-05,1.2599,1.2611,12.034,60.837,93.524,1377.8,-0.050029,0.29408,0.14901,0.020084,liquid
198.50,0.18405,13993.,7.1464e-05,1.2926,1.2939,12.199,60.861,93.572,1375.5,-0.049955,0.29268,0.14879,0.020037,liquid
198.85,0.18810,13985.,7.1507e-05,1.3253,1.3267,12.364,60.885,93.620,1373.2,-0.049880,0.29130,0.14858,0.019991,liquid
199.20,0.19222,13976.,7.1551e-05,1.3581,1.3595,12.528,60.910,93.669,1370.9,-0.049805,0.28992,0.14836,0.019944,liquid
199.55,0.19642,13967.,7.1595e-05,1.3909,1.3923,12.693,60.934,93.717,1368.5,-0.049730,0.28856,0.14815,0.019897,liquid
199.90,0.20069,13959.,7.1639e-05,1.4237,1.4251,12.857,60.959,93.766,1366.2,-0.049654,0.28720,0.14793,0.019850,liquid
200.25,0.20503,13950.,7.1683e-05,1.4565,1.4580,13.021,60.984,93.815,1363.9,-0.049578,0.28586,0.14772,0.019804,liquid
200.60,0.20945,13942.,7.1727e-05,1.4893,1.4908,13.185,61.009,93.864,1361.5,-0.049501,0.28452,0.14750,0.019757,liquid
200.95,0.21395,13933.,7.1771e-05,1.5222,1.5237,13.348,61.034,93.914,1359.2,-0.049424,0.28319,0.14729,0.019710,liquid
201.30,0.21852,13925.,7.1815e-05,1.5550,1.5566,13.512,61.060,93.964,1356.9,-0.049347,0.28188,0.14707,0.019663,liquid
201.65,0.22318,13916.,7.1859e-05,1.5879,1.5895,13.675,61.085,94.014,1354.6,-0.049270,0.28057,0.14686,0.019617,liquid
202.00,0.22791,13908.,7.1903e-05,1.6208,1.6225,13.838,61.111,94.064,1352.2,-0.049192,0.27927,0.14665,0.019570,liquid
202.35,0.23273,13899.,7.1948e-05,1.6537,1.6554,14.001,61.137,94.114,1349.9,-0.049114,0.27798,0.14643,0.019523,liquid
202.70,0.23762,13890.,7.1992e-05,1.6867,1.6884,14.163,61.163,94.165,1347.6,-0.049035,0.27670,0.14622,0.019476,liquid
203.05,0.24260,13882.,7.2037e-05,1.7196,1.7214,14.326,61.189,94.215,1345.3,-0.048956,0.27543,0.14600,0.019429,liquid
203.40,0.24767,13873.,7.2081e-05,1.7526,1.7544,14.488,61.215,94.266,1342.9,-0.048877,0.27417,0.14579,0.019382,liquid
203.75,0.25282,13865.,7.2126e-05,1.7856,1.7874,14.650,61.242,94.317,1340.6,-0.048797,0.27291,0.14557,0.019335,liquid
204.10,0.25805,13856.,7.2171e-05,1.8186,1.8205,14.812,61.268,94.369,1338.3,-0.048717,0.27167,0.14536,0.019289,liquid
204.45,0.26338,13847.,7.2216e-05,1.8516,1.8535,14.974,61.295,94.421,1336.0,-0.048637,0.27043,0.14514,0.019242,liquid
204.80,0.26879,13839.,7.2261e-05,1.8847,1.8866,15.135,61.322,94.472,1333.6,-0.048556,0.26920,0.14493,0.019195,liquid
205.15,0.27429,13830.,7.2306e-05,1.9177,1.9197,15.296,61.349,94.524,1331.3,-0.048475,0.26799,0.14472,0.019148,liquid
205.50,0.27988,13821.,7.2351e-05,1.9508,1.9528,15.457,61.376,94.577,1329.0,-0.048393,0.26677,0.14450,0.019101,liquid
205.85,0.28557,13813.,7.2396e-05,1.9839,1.9860,15.618,61.404,94.629,1326.7,-0.048311,0.26557,0.14429,0.019054,liquid
206.20,0.29134,13804.,7.2442e-05,2.0170,2.0191,15.779,61.431,94.682,1324.3,-0.048229,0.26438,0.14408,0.019007,liquid
206.55,0.29721,13796.,7.2487e-05,2.0501,2.0523,15.940,61.459,94.735,1322.0,-0.048146,0.26319,0.14386,0.018960,liquid
206.90,0.30318,13787.,7.2533e-05,2.0833,2.0855,16.100,61.487,94.788,1319.7,-0.048063,0.26201,0.14365,0.018913,liquid
207.25,0.30924,13778.,7.2578e-05,2.1164,2.1187,16.260,61.515,94.842,1317.4,-0.047980,0.26084,0.14344,0.018866,liquid
207.60,0.31539,13770.,7.2624e-05,2.1496,2.1519,16.420,61.544,94.895,1315.1,-0.047896,0.25968,0.14322,0.018819,liquid
207.95,0.32165,13761.,7.2670e-05,2.1828,2.1852,16.580,61.572,94.949,1312.7,-0.047812,0.25853,0.14301,0.018773,liquid
208.30,0.32801,13752.,7.2716e-05,2.2161,2.2184,16.740,61.600,95.003,1310.4,-0.047727,0.25738,0.14280,0.018726,liquid
208.65,0.33446,13743.,7.2762e-05,2.2493,2.2517,16.899,61.629,95.057,1308.1,-0.047642,0.25624,0.14258,0.018679,liquid
209.00,0.34102,13735.,7.2808e-05,2.2826,2.2850,17.058,61.658,95.112,1305.8,-0.047557,0.25511,0.14237,0.018632,liquid
209.35,0.34768,13726.,7.2854e-05,2.3158,2.3184,17.217,61.687,95.167,1303.5,-0.047471,0.25398,0.14216,0.018585,liquid
209.70,0.35444,13717.,7.2900e-05,2.3491,2.3517,17.376,61.716,95.222,1301.2,-0.047385,0.25287,0.14194,0.018538,liquid
210.05,0.36131,13709.,7.2947e-05,2.3825,2.3851,17.535,61.746,95.277,1298.8,-0.047298,0.25176,0.14173,0.018491,liquid
210.40,0.36829,13700.,7.2993e-05,2.4158,2.4185,17.694,61.775,95.333,1296.5,-0.047211,0.25065,0.14152,0.018444,liquid
210.75,0.37537,13691.,7.3039e-05,2.4491,2.4519,17.852,61.805,95.388,1294.2,-0.047124,0.24956,0.14131,0.018397,liquid
211.10,0.38256,13682.,7.3086e-05,2.4825,2.4853,18.010,61.835,95.444,1291.9,-0.047036,0.24847,0.14109,0.018350,liquid
211.45,0.38986,13674.,7.3133e-05,2.5159,2.5188,18.168,61.864,95.500,1289.6,-0.046948,0.24739,0.14088,0.018303,liquid
211.80,0.39728,13665.,7.3180e-05,2.5493,2.5522,18.326,61.895,95.557,1287.3,-0.046859,0.24632,0.14067,0.018256,liquid
212.15,0.40480,13656.,7.3227e-05,2.5828,2.5857,18.484,61.925,95.613,1285.0,-0.046770,0.24525,0.14046,0.018209,liquid
212.50,0.41244,13647.,7.3274e-05,2.6162,2.6192,18.642,61.955,95.670,1282.6,-0.046680,0.24419,0.14024,0.018162,liquid
212.85,0.42019,13639.,7.3321e-05,2.6497,2.6528,18.799,61.986,95.727,1280.3,-0.046590,0.24314,0.14003,0.018115,liquid
213.20,0.42806,13630.,7.3368e-05,2.6832,2.6863,18.956,62.017,95.785,1278.0,-0.046500,0.24209,0.13982,0.018068,liquid
213.55,0.43605,13621.,7.3415e-05,2.7167,2.7199,19.113,62.047,95.842,1275.7,-0.046409,0.24105,0.13961,0.018021,liquid
213.90,0.44415,13612.,7.3462e-05,2.7502,2.7535,19.270,62.078,95.900,1273.4,-0.046318,0.24002,0.13940,0.017974,liquid
214.25,0.45238,13604.,7.3510e-05,2.7838,2.7871,19.427,62.110,95.958,1271.1,-0.046227,0.23899,0.13919,0.017926,liquid
214.60,0.46072,13595.,7.3558e-05,2.8173,2.8207,19.583,62.141,96.017,1268.8,-0.046134,0.23797,0.13897,0.017879,liquid
214.95,0.46919,13586.,7.3605e-05,2.8509,2.8544,19.740,62.172,96.075,1266.5,-0.046042,0.23696,0.13876,0.017832,liquid
215.30,0.47778,13577.,7.3653e-05,2.8845,2.8880,19.896,62.204,96.134,1264.2,-0.045949,0.23595,0.13855,0.017785,liquid
215.65,0.48650,13568.,7.3701e-05,2.9182,2.9217,20.052,62.236,96.193,1261.9,-0.045856,0.23495,0.13834,0.017738,liquid
216.00,0.49534,13560.,7.3749e-05,2.9518,2.9555,20.208,62.268,96.252,1259.5,-0.045762,0.23396,0.13813,0.017691,liquid
216.35,0.50431,13551.,7.3797e-05,2.9855,2.9892,20.364,62.300,96.312,1257.2,-0.045668,0.23297,0.13792,0.017644,liquid
216.70,0.51340,13542.,7.3845e-05,3.0192,3.0230,20.519,62.332,96.372,1254.9,-0.045573,0.23199,0.13771,0.017597,liquid
217.05,0.52263,13533.,7.3893e-05,3.0529,3.0567,20.675,62.364,96.432,1252.6,-0.045478,0.23101,0.13750,0.017550,liquid
217.40,0.53199,13524.,7.3942e-05,3.0866,3.0905,20.830,62.397,96.492,1250.3,-0.045382,0.23004,0.13729,0.017503,liquid
217.75,0.54148,13515.,7.3990e-05,3.1204,3.1244,20.985,62.430,96.552,1248.0,-0.045286,0.22907,0.13708,0.017456,liquid
218.10,0.55110,13506.,7.4039e-05,3.1541,3.1582,21.140,62.462,96.613,1245.7,-0.045190,0.22812,0.13687,0.017409,liquid
218.45,0.56086,13498.,7.4087e-05,3.1879,3.1921,21.295,62.495,96.674,1243.4,-0.045093,0.22716,0.13666,0.017362,liquid
218.80,0.57076,13489.,7.4136e-05,3.2217,3.2260,21.450,62.528,96.736,1241.1,-0.044995,0.22622,0.13645,0.017315,liquid
219.15,0.58079,13480.,7.4185e-05,3.2556,3.2599,21.604,62.562,96.797,1238.8,-0.044897,0.22528,0.13624,0.017268,liquid
219.50,0.59097,13471.,7.4234e-05,3.2894,3.2938,21.759,62.595,96.859,1236.5,-0.044799,0.22434,0.13603,0.017221,liquid
219.85,0.60128,13462.,7.4283e-05,3.3233,3.3278,21.913,62.629,96.921,1234.2,-0.044700,0.22341,0.13582,0.017174,liquid
220.20,0.61174,13453.,7.4332e-05,3.3572,3.3617,22.067,62.662,96.983,1231.9,-0.044601,0.22249,0.13561,0.017127,liquid
220.55,0.62233,13444.,7.4382e-05,3.3911,3.3957,22.221,62.696,97.046,1229.6,-0.044501,0.22157,0.13540,0.017080,liquid
220.90,0.63308,13435.,7.4431e-05,3.4251,3.4298,22.375,62.730,97.108,1227.3,-0.044401,0.22065,0.13519,0.017033,liquid
221.25,0.64397,13426.,7.4481e-05,3.4590,3.4638,22.528,62.764,97.171,1225.0,-0.044300,0.21975,0.13498,0.016986,liquid
221.60,0.65500,13417.,7.4530e-05,3.4930,3.4979,22.682,62.798,97.235,1222.7,-0.044199,0.21884,0.13477,0.016939,liquid
221.95,0.66619,13408.,7.4580e-05,3.5270,3.5320,22.835,62.833,97.298,1220.4,-0.044097,0.21795,0.13456,0.016892,liquid
222.30,0.67752,13399.,7.4630e-05,3.5610,3.5661,22.988,62.867,97.362,1218.1,-0.043995,0.21706,0.13435,0.016844,liquid
222.65,0.68901,13390.,7.4680e-05,3.5951,3.6002,23.141,62.902,97.426,1215.8,-0.043892,0.21617,0.13415,0.016797,liquid
223.00,0.70065,13382.,7.4730e-05,3.6292,3.6344,23.294,62.937,97.491,1213.5,-0.043789,0.21529,0.13394,0.016750,liquid
223.35,0.71244,13373.,7.4780e-05,3.6632,3.6686,23.447,62.972,97.555,1211.2,-0.043686,0.21441,0.13373,0.016703,liquid
223.70,0.72439,13364.,7.4830e-05,3.6974,3.7028,23.600,63.007,97.620,1208.9,-0.043581,0.21354,0.13352,0.016656,liquid
224.05,0.73650,13355.,7.4881e-05,3.7315,3.7370,23.752,63.042,97.685,1206.6,-0.043477,0.21267,0.13331,0.016609,liquid
224.40,0.74876,13346.,7.4931e-05,3.7656,3.7713,23.905,63.077,97.750,1204.3,-0.043372,0.21181,0.13311,0.016562,liquid
224.75,0.76119,13337.,7.4982e-05,3.7998,3.8055,24.057,63.113,97.816,1202.0,-0.043266,0.21096,0.13290,0.016515,liquid
225.10,0.77377,13328.,7.5033e-05,3.8340,3.8398,24.209,63.149,97.882,1199.7,-0.043160,0.21011,0.13269,0.016468,liquid
225.45,0.78652,13318.,7.5084e-05,3.8683,3.8742,24.361,63.184,97.948,1197.4,-0.043053,0.20926,0.13248,0.016421,liquid
225.80,0.79944,13309.,7.5135e-05,3.9025,3.9085,24.513,63.220,98.015,1195.1,-0.042946,0.20842,0.13228,0.016374,liquid
226.15,0.81252,13300.,7.5186e-05,3.9368,3.9429,24.664,63.256,98.081,1192.8,-0.042838,0.20758,0.13207,0.016327,liquid
226.50,0.82576,13291.,7.5237e-05,3.9711,3.9773,24.816,63.293,98.148,1190.5,-0.042730,0.20675,0.13186,0.016280,liquid
226.85,0.83918,13282.,7.5288e-05,4.0054,4.0117,24.967,63.329,98.215,1188.3,-0.042621,0.20592,0.13165,0.016233,liquid
227.20,0.85277,13273.,7.5340e-05,4.0397,4.0461,25.119,63.365,98.283,1186.0,-0.042512,0.20510,0.13145,0.016186,liquid
227.55,0.86652,13264.,7.5391e-05,4.0741,4.0806,25.270,63.402,98.351,1183.7,-0.042402,0.20428,0.13124,0.016139,liquid
227.90,0.88045,13255.,7.5443e-05,4.1085,4.1151,25.421,63.439,98.419,1181.4,-0.042291,0.20347,0.13104,0.016092,liquid
228.25,0.89456,13246.,7.5495e-05,4.1429,4.1496,25.572,63.476,98.487,1179.1,-0.042180,0.20266,0.13083,0.016045,liquid
228.60,0.90884,13237.,7.5547e-05,4.1773,4.1842,25.722,63.513,98.556,1176.8,-0.042069,0.20186,0.13062,0.015998,liquid
228.95,0.92330,13228.,7.5599e-05,4.2117,4.2187,25.873,63.550,98.624,1174.5,-0.041957,0.20106,0.13042,0.015951,liquid
229.30,0.93794,13219.,7.5651e-05,4.2462,4.2533,26.023,63.587,98.694,1172.2,-0.041844,0.20026,0.13021,0.015904,liquid
229.65,0.95275,13209.,7.5703e-05,4.2807,4.2879,26.174,63.625,98.763,1169.9,-0.041731,0.19947,0.13001,0.015858,liquid
230.00,0.96775,13200.,7.5755e-05,4.3152,4.3226,26.324,63.662,98.833,1167.6,-0.041617,0.19868,0.12980,0.015811,liquid
230.35,0.98294,13191.,7.5808e-05,4.3498,4.3572,26.474,63.700,98.903,1165.3,-0.041503,0.19790,0.12960,0.015764,liquid
230.70,0.99831,13182.,7.5861e-05,4.3844,4.3919,26.624,63.738,98.973,1163.0,-0.041388,0.19712,0.12939,0.015717,liquid
231.05,1.0139,13173.,7.5913e-05,4.4190,4.4266,26.774,63.776,99.043,1160.8,-0.041273,0.19635,0.12919,0.015670,liquid
231.40,1.0296,13164.,7.5966e-05,4.4536,4.4614,26.924,63.814,99.114,1158.5,-0.041157,0.19558,0.12898,0.015623,liquid
231.75,1.0455,13155.,7.6019e-05,4.4882,4.4962,27.073,63.852,99.185,1156.2,-0.041041,0.19481,0.12878,0.015576,liquid
232.10,1.0617,13145.,7.6073e-05,4.5229,4.5309,27.223,63.890,99.256,1153.9,-0.040923,0.19405,0.12857,0.015529,liquid
232.45,1.0780,13136.,7.6126e-05,4.5576,4.5658,27.372,63.929,99.328,1151.6,-0.040806,0.19329,0.12837,0.015482,liquid
232.80,1.0945,13127.,7.6179e-05,4.5923,4.6006,27.521,63.967,99.400,1149.3,-0.040687,0.19254,0.12816,0.015435,liquid
233.15,1.1112,13118.,7.6233e-05,4.6270,4.6355,27.671,64.006,99.472,1147.0,-0.040569,0.19179,0.12796,0.015388,liquid
233.50,1.1281,13108.,7.6286e-05,4.6618,4.6704,27.820,64.045,99.545,1144.7,-0.040449,0.19104,0.12775,0.015342,liquid
233.85,1.1452,13099.,7.6340e-05,4.6966,4.7053,27.968,64.084,99.617,1142.5,-0.040329,0.19030,0.12755,0.015295,liquid
234.20,1.1625,13090.,7.6394e-05,4.7314,4.7402,28.117,64.123,99.690,1140.2,-0.040208,0.18957,0.12735,0.015248,liquid
234.55,1.1800,13081.,7.6448e-05,4.7662,4.7752,28.266,64.163,99.764,1137.9,-0.040087,0.18883,0.12714,0.015201,liquid
234.90,1.1978,13071.,7.6502e-05,4.8011,4.8102,28.414,64.202,99.837,1135.6,-0.039965,0.18810,0.12694,0.015154,liquid
235.25,1.2157,13062.,7.6557e-05,4.8359,4.8453,28.563,64.242,99.911,1133.3,-0.039843,0.18738,0.12674,0.015107,liquid
235.60,1.2338,13053.,7.6611e-05,4.8709,4.8803,28.711,64.281,99.985,1131.0,-0.039720,0.18665,0.12654,0.015061,liquid
235.95,1.2521,13044.,7.6666e-05,4.9058,4.9154,28.859,64.321,100.06,1128.7,-0.039596,0.18593,0.12633,0.015014,liquid
236.30,1.2707,13034.,7.6720e-05,4.9407,4.9505,29.007,64.361,100.13,1126.4,-0.039472,0.18522,0.12613,0.014967,liquid
236.65,1.2894,13025.,7.6775e-05,4.9757,4.9856,29.155,64.401,100.21,1124.2,-0.039347,0.18451,0.12593,0.014920,liquid
237.00,1.3084,13016.,7.6830e-05,5.0107,5.0208,29.303,64.442,100.28,1121.9,-0.039221,0.18380,0.12573,0.014873,liquid
237.35,1.3276,13006.,7.6885e-05,5.0458,5.0560,29.451,64.482,100.36,1119.6,-0.039095,0.18310,0.12552,0.014827,liquid
237.70,1.3470,12997.,7.6941e-05,5.0808,5.0912,29.599,64.523,100.44,1117.3,-0.038968,0.18240,0.12532,0.014780,liquid
238.05,1.3666,12988.,7.6996e-05,5.1159,5.1264,29.746,64.563,100.51,1115.0,-0.038841,0.18170,0.12512,0.014733,liquid
238.40,1.3864,12978.,7.7052e-05,5.1510,5.1617,29.894,64.604,100.59,1112.7,-0.038712,0.18101,0.12492,0.014686,liquid
238.75,1.4065,12969.,7.7107e-05,5.1862,5.1970,30.041,64.645,100.67,1110.5,-0.038584,0.18032,0.12472,0.014640,liquid
239.10,1.4268,12960.,7.7163e-05,5.2213,5.2323,30.188,64.686,100.74,1108.2,-0.038454,0.17963,0.12452,0.014593,liquid
239.45,1.4473,12950.,7.7219e-05,5.2565,5.2677,30.335,64.727,100.82,1105.9,-0.038324,0.17895,0.12432,0.014546,liquid
239.80,1.4680,12941.,7.7275e-05,5.2917,5.3031,30.482,64.768,100.90,1103.6,-0.038193,0.17827,0.12412,0.014500,liquid
240.15,1.4890,12931.,7.7331e-05,5.3270,5.3385,30.629,64.810,100.98,1101.3,-0.038062,0.17759,0.12392,0.014453,liquid
240.50,1.5102,12922.,7.7388e-05,5.3622,5.3739,30.776,64.851,101.05,1099.0,-0.037929,0.17692,0.12372,0.014406,liquid
240.85,1.5316,12912.,7.7444e-05,5.3975,5.4094,30.922,64.893,101.13,1096.7,-0.037797,0.17625,0.12352,0.014360,liquid
241.20,1.5533,12903.,7.7501e-05,5.4328,5.4449,31.069,64.935,101.21,1094.5,-0.037663,0.17559,0.12332,0.014313,liquid
241.55,1.5752,12894.,7.7558e-05,5.4682,5.4804,31.215,64.977,101.29,1092.2,-0.037529,0.17492,0.12312,0.014266,liquid
241.90,1.5973,12884.,7.7615e-05,5.5035,5.5159,31.362,65.019,101.37,1089.9,-0.037394,0.17426,0.12292,0.014220,liquid
242.25,1.6197,12875.,7.7672e-05,5.5389,5.5515,31.508,65.061,101.45,1087.6,-0.037258,0.17361,0.12272,0.014173,liquid
242.60,1.6423,12865.,7.7729e-05,5.5744,5.5871,31.654,65.103,101.53,1085.3,-0.037122,0.17295,0.12252,0.014126,liquid
242.95,1.6652,12856.,7.7787e-05,5.6098,5.6228,31.800,65.146,101.61,1083.0,-0.036985,0.17230,0.12232,0.014080,liquid
243.30,1.6882,12846.,7.7844e-05,5.6453,5.6584,31.946,65.189,101.69,1080.8,-0.036847,0.17166,0.12212,0.014033,liquid
243.65,1.7116,12837.,7.7902e-05,5.6808,5.6941,32.092,65.231,101.77,1078.5,-0.036709,0.17101,0.12193,0.013987,liquid
244.00,1.7352,12827.,7.7960e-05,5.7163,5.7298,32.238,65.274,101.85,1076.2,-0.036569,0.17037,0.12173,0.013940,liquid
244.35,1.7590,12818.,7.8018e-05,5.7519,5.7656,32.383,65.317,101.94,1073.9,-0.036430,0.16973,0.12153,0.013894,liquid
244.70,1.7831,12808.,7.8076e-05,5.7875,5.8014,32.529,65.360,102.02,1071.6,-0.036289,0.16910,0.12133,0.013847,liquid
245.05,1.8074,12798.,7.8134e-05,5.8231,5.8372,32.674,65.404,102.10,1069.3,-0.036147,0.16847,0.12114,0.013801,liquid
245.40,1.8320,12789.,7.8193e-05,5.8587,5.8730,32.820,65.447,102.18,1067.1,-0.036005,0.16784,0.12094,0.013754,liquid
245.75,1.8569,12779.,7.8252e-05,5.8944,5.9089,32.965,65.490,102.27,1064.8,-0.035862,0.16722,0.12074,0.013708,liquid
246.10,1.8820,12770.,7.8310e-05,5.9301,5.9448,33.110,65.534,102.35,1062.5,-0.035719,0.16659,0.12054,0.013661,liquid
246.45,1.9073,12760.,7.8369e-05,5.9658,5.9807,33.255,65.578,102.43,1060.2,-0.035574,0.16597,0.12035,0.013615,liquid
246.80,1.9330,12750.,7.8429e-05,6.0015,6.0167,33.400,65.622,102.52,1057.9,-0.035429,0.16536,0.12015,0.013568,liquid
247.15,1.9589,12741.,7.8488e-05,6.0373,6.0527,33.545,65.666,102.60,1055.6,-0.035283,0.16474,0.11996,0.013522,liquid
247.50,1.9850,12731.,7.8547e-05,6.0731,6.0887,33.690,65.710,102.69,1053.4,-0.035136,0.16413,0.11976,0.013476,liquid
247.85,2.0114,12722.,7.8607e-05,6.1089,6.1247,33.835,65.754,102.77,1051.1,-0.034989,0.16352,0.11956,0.013429,liquid
248.20,2.0381,12712.,7.8667e-05,6.1448,6.1608,33.979,65.799,102.86,1048.8,-0.034840,0.16292,0.11937,0.013383,liquid
248.55,2.0651,12702.,7.8727e-05,6.1807,6.1969,34.124,65.843,102.94,1046.5,-0.034691,0.16232,0.11917,0.013337,liquid
248.90,2.0923,12692.,7.8787e-05,6.2166,6.2331,34.268,65.888,103.03,1044.2,-0.034541,0.16172,0.11898,0.013290,liquid
249.25,2.1198,12683.,7.8847e-05,6.2525,6.2693,34.413,65.933,103.12,1041.9,-0.034390,0.16112,0.11878,0.013244,liquid
249.60,2.1476,12673.,7.8907e-05,6.2885,6.3055,34.557,65.978,103.20,1039.7,-0.034239,0.16052,0.11859,0.013198,liquid
249.95,2.1756,12663.,7.8968e-05,6.3245,6.3417,34.701,66.023,103.29,1037.4,-0.034086,0.15993,0.11839,0.013151,liquid
250.30,2.2039,12654.,7.9029e-05,6.3605,6.3780,34.845,66.068,103.38,1035.1,-0.033933,0.15934,0.11820,0.013105,liquid
250.65,2.2325,12644.,7.9090e-05,6.3966,6.4143,34.989,66.114,103.46,1032.8,-0.033779,0.15876,0.11800,0.013059,liquid
251.00,2.2614,12634.,7.9151e-05,6.4327,6.4506,35.133,66.159,103.55,1030.5,-0.033624,0.15817,0.11781,0.013013,liquid
251.35,2.2906,12624.,7.9212e-05,6.4688,6.4869,35.277,66.205,103.64,1028.2,-0.033468,0.15759,0.11762,0.012967,liquid
251.70,2.3201,12615.,7.9274e-05,6.5049,6.5233,35.421,66.251,103.73,1026.0,-0.033312,0.15701,0.11742,0.012920,liquid
252.05,2.3498,12605.,7.9335e-05,6.5411,6.5598,35.565,66.297,103.82,1023.7,-0.033154,0.15644,0.11723,0.012874,liquid
252.40,2.3798,12595.,7.9397e-05,6.5773,6.5962,35.708,66.343,103.91,1021.4,-0.032996,0.15586,0.11704,0.012828,liquid
252.75,2.4102,12585.,7.9459e-05,6.6136,6.6327,35.852,66.389,104.00,1019.1,-0.032837,0.15529,0.11684,0.012782,liquid
253.10,2.4408,12575.,7.9521e-05,6.6498,6.6692,35.995,66.435,104.09,1016.8,-0.032677,0.15473,0.11665,0.012736,liquid
253.45,2.4717,12565.,7.9584e-05,6.6861,6.7058,36.138,66.482,104.18,1014.5,-0.032515,0.15416,0.11646,0.012690,liquid
253.80,2.5029,12556.,7.9646e-05,6.7224,6.7424,36.282,66.528,104.27,1012.2,-0.032354,0.15360,0.11627,0.012644,liquid
254.15,2.5344,12546.,7.9709e-05,6.7588,6.7790,36.425,66.575,104.36,1010.0,-0.032191,0.15304,0.11607,0.012598,liquid
254.50,2.5662,12536.,7.9772e-05,6.7952,6.8156,36.568,66.622,104.45,1007.7,-0.032027,0.15248,0.11588,0.012552,liquid
254.85,2.5983,12526.,7.9835e-05,6.8316,6.8523,36.711,66.669,104.55,1005.4,-0.031862,0.15192,0.11569,0.012506,liquid
255.20,2.6307,12516.,7.9898e-05,6.8680,6.8890,36.854,66.716,104.64,1003.1,-0.031697,0.15137,0.11550,0.012460,liquid
255.55,2.6635,12506.,7.9962e-05,6.9045,6.9258,36.997,66.763,104.73,1000.8,-0.031530,0.15082,0.11531,0.012414,liquid
255.90,2.6965,12496.,8.0025e-05,6.9410,6.9625,37.140,66.810,104.82,998.53,-0.031363,0.15027,0.11512,0.012368,liquid
256.25,2.7298,12486.,8.0089e-05,6.9775,6.9994,37.282,66.858,104.92,996.24,-0.031194,0.14972,0.11493,0.012322,liquid
256.60,2.7635,12476.,8.0153e-05,7.0141,7.0362,37.425,66.906,105.01,993.95,-0.031025,0.14918,0.11473,0.012276,liquid
256.95,2.7974,12466.,8.0217e-05,7.0507,7.0731,37.568,66.953,105.11,991.67,-0.030854,0.14863,0.11454,0.012230,liquid
257.30,2.8317,12456.,8.0282e-05,7.0873,7.1100,37.710,67.001,105.20,989.38,-0.030683,0.14809,0.11435,0.012184,liquid
257.65,2.8663,12446.,8.0346e-05,7.1239,7.1470,37.852,67.049,105.30,987.09,-0.030511,0.14756,0.11416,0.012138,liquid
258.00,2.9012,12436.,8.0411e-05,7.1606,7.1839,37.995,67.097,105.39,984.80,-0.030337,0.14702,0.11397,0.012092,liquid
258.35,2.9364,12426.,8.0476e-05,7.1973,7.2210,38.137,67.146,105.49,982.52,-0.030163,0.14649,0.11378,0.012047,liquid
258.70,2.9719,12416.,8.0541e-05,7.2341,7.2580,38.279,67.194,105.58,980.23,-0.029988,0.14596,0.11360,0.012001,liquid
259.05,3.0078,12406.,8.0607e-05,7.2708,7.2951,38.421,67.243,105.68,977.94,-0.029811,0.14543,0.11341,0.011955,liquid
259.40,3.0440,12396.,8.0672e-05,7.3076,7.3322,38.564,67.291,105.78,975.65,-0.029634,0.14490,0.11322,0.011909,liquid
259.75,3.0805,12386.,8.0738e-05,7.3445,7.3694,38.706,67.340,105.87,973.36,-0.029455,0.14438,0.11303,0.011864,liquid
260.10,3.1174,12376.,8.0804e-05,7.3814,7.4065,38.847,67.389,105.97,971.07,-0.029276,0.14386,0.11284,0.011818,liquid
260.45,3.1546,12366.,8.0870e-05,7.4183,7.4438,38.989,67.438,106.07,968.78,-0.029095,0.14334,0.11265,0.011772,liquid
260.80,3.1921,12355.,8.0936e-05,7.4552,7.4810,39.131,67.488,106.17,966.49,-0.028914,0.14282,0.11246,0.011726,liquid
261.15,3.2300,12345.,8.1003e-05,7.4922,7.5183,39.273,67.537,106.27,964.20,-0.028731,0.14231,0.11228,0.011681,liquid
261.50,3.2682,12335.,8.1070e-05,7.5292,7.5556,39.414,67.586,106.37,961.91,-0.028547,0.14179,0.11209,0.011635,liquid
261.85,3.3067,12325.,8.1137e-05,7.5662,7.5930,39.556,67.636,106.47,959.62,-0.028362,0.14128,0.11190,0.011590,liquid
262.20,3.3456,12315.,8.1204e-05,7.6032,7.6304,39.698,67.686,106.57,957.33,-0.028177,0.14077,0.11171,0.011544,liquid
262.55,3.3848,12304.,8.1271e-05,7.6403,7.6678,39.839,67.736,106.67,955.04,-0.027989,0.14026,0.11153,0.011499,liquid
262.90,3.4243,12294.,8.1339e-05,7.6775,7.7053,39.980,67.786,106.77,952.75,-0.027801,0.13976,0.11134,0.011453,liquid
263.25,3.4642,12284.,8.1407e-05,7.7146,7.7428,40.122,67.836,106.87,950.45,-0.027612,0.13926,0.11115,0.011408,liquid
263.60,3.5045,12274.,8.1475e-05,7.7518,7.7804,40.263,67.886,106.97,948.16,-0.027421,0.13875,0.11097,0.011362,liquid
263.95,3.5451,12263.,8.1543e-05,7.7890,7.8179,40.404,67.937,107.08,945.87,-0.027230,0.13826,0.11078,0.011317,liquid
264.30,3.5860,12253.,8.1612e-05,7.8263,7.8555,40.545,67.987,107.18,943.58,-0.027037,0.13776,0.11060,0.011271,liquid
264.65,3.6274,12243.,8.1680e-05,7.8636,7.8932,40.686,68.038,107.28,941.28,-0.026843,0.13726,0.11041,0.011226,liquid
265.00,3.6690,12233.,8.1749e-05,7.9009,7.9309,40.827,68.089,107.39,938.99,-0.026648,0.13677,0.11022,0.011180,liquid
265.35,3.7110,12222.,8.1819e-05,7.9382,7.9686,40.968,68.140,107.49,936.70,-0.026451,0.13628,0.11004,0.011135,liquid
265.70,3.7534,12212.,8.1888e-05,7.9756,8.0064,41.109,68.191,107.60,934.40,-0.026254,0.13579,0.10985,0.011090,liquid
266.05,3.7962,12201.,8.1958e-05,8.0131,8.0442,41.250,68.242,107.70,932.11,-0.026055,0.13530,0.10967,0.011044,liquid
266.40,3.8393,12191.,8.2027e-05,8.0505,8.0820,41.391,68.294,107.81,929.81,-0.025855,0.13482,0.10949,0.010999,liquid
266.75,3.8828,12181.,8.2097e-05,8.0880,8.1199,41.532,68.345,107.91,927.52,-0.025654,0.13433,0.10930,0.010954,liquid
267.10,3.9266,12170.,8.2168e-05,8.1255,8.1578,41.672,68.397,108.02,925.22,-0.025451,0.13385,0.10912,0.010909,liquid
267.45,3.9708,12160.,8.2238e-05,8.1631,8.1957,41.813,68.449,108.13,922.92,-0.025247,0.13337,0.10893,0.010864,liquid
267.80,4.0154,12149.,8.2309e-05,8.2007,8.2337,41.954,68.500,108.23,920.63,-0.025042,0.13289,0.10875,0.010818,liquid
268.15,4.0604,12139.,8.2380e-05,8.2383,8.2717,42.094,68.552,108.34,918.33,-0.024836,0.13242,0.10857,0.010773,liquid
268.50,4.1057,12128.,8.2451e-05,8.2759,8.3098,42.235,68.605,108.45,916.03,-0.024628,0.13194,0.10838,0.010728,liquid
268.85,4.1514,12118.,8.2523e-05,8.3136,8.3479,42.375,68.657,108.56,913.74,-0.024419,0.13147,0.10820,0.010683,liquid
269.20,4.1975,12107.,8.2594e-05,8.3514,8.3860,42.515,68.709,108.67,911.44,-0.024209,0.13100,0.10802,0.010638,liquid
269.55,4.2440,12097.,8.2666e-05,8.3891,8.4242,42.656,68.762,108.78,909.14,-0.023997,0.13053,0.10784,0.010593,liquid
269.90,4.2908,12086.,8.2738e-05,8.4269,8.4624,42.796,68.815,108.89,906.84,-0.023784,0.13006,0.10765,0.010548,liquid
270.25,4.3381,12076.,8.2811e-05,8.4647,8.5007,42.936,68.868,109.00,904.54,-0.023569,0.12960,0.10747,0.010503,liquid
270.60,4.3857,12065.,8.2884e-05,8.5026,8.5390,43.076,68.921,109.11,902.24,-0.023354,0.12913,0.10729,0.010458,liquid
270.95,4.4337,12055.,8.2956e-05,8.5405,8.5773,43.216,68.974,109.22,899.94,-0.023136,0.12867,0.10711,0.010413,liquid
271.30,4.4821,12044.,8.3030e-05,8.5784,8.6157,43.356,69.027,109.33,897.64,-0.022918,0.12821,0.10693,0.010368,liquid
271.65,4.5309,12033.,8.3103e-05,8.6164,8.6541,43.496,69.080,109.45,895.34,-0.022698,0.12775,0.10675,0.010323,liquid
272.00,4.5801,12023.,8.3177e-05,8.6544,8.6925,43.636,69.134,109.56,893.04,-0.022476,0.12729,0.10656,0.010279,liquid
272.35,4.6297,12012.,8.3251e-05,8.6925,8.7310,43.776,69.187,109.67,890.73,-0.022253,0.12684,0.10638,0.010234,liquid
272.70,4.6797,12001.,8.3325e-05,8.7305,8.7695,43.916,69.241,109.79,888.43,-0.022029,0.12638,0.10620,0.010189,liquid
273.05,4.7301,11991.,8.3399e-05,8.7686,8.8081,44.056,69.295,109.90,886.13,-0.021803,0.12593,0.10602,0.010144,liquid
273.40,4.7809,11980.,8.3474e-05,8.8068,8.8467,44.195,69.349,110.02,883.83,-0.021575,0.12548,0.10584,0.010100,liquid
273.75,4.8321,11969.,8.3549e-05,8.8450,8.8854,44.335,69.403,110.14,881.52,-0.021347,0.12503,0.10566,0.010055,liquid
274.10,4.8837,11958.,8.3624e-05,8.8832,8.9240,44.475,69.458,110.25,879.22,-0.021116,0.12458,0.10548,0.010010,liquid
274.45,4.9357,11947.,8.3700e-05,8.9215,8.9628,44.614,69.512,110.37,876.91,-0.020884,0.12414,0.10531,0.0099656,liquid
274.80,4.9881,11937.,8.3775e-05,8.9598,9.0015,44.754,69.567,110.49,874.61,-0.020650,0.12369,0.10513,0.0099210,liquid
275.15,5.0410,11926.,8.3852e-05,8.9981,9.0404,44.894,69.621,110.61,872.30,-0.020415,0.12325,0.10495,0.0098764,liquid
275.50,5.0942,11915.,8.3928e-05,9.0364,9.0792,45.033,69.676,110.72,869.99,-0.020179,0.12281,0.10477,0.0098319,liquid
275.85,5.1479,11904.,8.4004e-05,9.0749,9.1181,45.172,69.731,110.84,867.69,-0.019940,0.12237,0.10459,0.0097873,liquid
276.20,5.2020,11893.,8.4081e-05,9.1133,9.1570,45.312,69.786,110.96,865.38,-0.019700,0.12193,0.10441,0.0097429,liquid
276.55,5.2565,11882.,8.4158e-05,9.1518,9.1960,45.451,69.842,111.08,863.07,-0.019459,0.12150,0.10424,0.0096984,liquid
276.90,5.3115,11871.,8.4236e-05,9.1903,9.2350,45.591,69.897,111.20,860.76,-0.019215,0.12106,0.10406,0.0096540,liquid
277.25,5.3668,11860.,8.4314e-05,9.2288,9.2741,45.730,69.952,111.33,858.45,-0.018970,0.12063,0.10388,0.0096096,liquid
277.60,5.4226,11850.,8.4391e-05,9.2674,9.3132,45.869,70.008,111.45,856.14,-0.018724,0.12020,0.10370,0.0095653,liquid
277.95,5.4788,11839.,8.4470e-05,9.3061,9.3523,46.008,70.064,111.57,853.83,-0.018475,0.11977,0.10353,0.0095210,liquid
278.30,5.5355,11828.,8.4548e-05,9.3447,9.3915,46.148,70.120,111.69,851.52,-0.018225,0.11934,0.10335,0.0094767,liquid
278.65,5.5926,11817.,8.4627e-05,9.3834,9.4308,46.287,70.176,111.82,849.21,-0.017973,0.11891,0.10317,0.0094324,liquid
279.00,5.6501,11805.,8.4706e-05,9.4222,9.4700,46.426,70.232,111.94,846.90,-0.017719,0.11849,0.10300,0.0093882,liquid
279.35,5.7080,11794.,8.4786e-05,9.4609,9.5093,46.565,70.288,112.07,844.59,-0.017464,0.11806,0.10282,0.0093440,liquid
279.70,5.7664,11783.,8.4866e-05,9.4998,9.5487,46.704,70.345,112.19,842.27,-0.017207,0.11764,0.10265,0.0092998,liquid
280.05,5.8253,11772.,8.4946e-05,9.5386,9.5881,46.843,70.401,112.32,839.96,-0.016947,0.11722,0.10247,0.0092557,liquid
280.40,5.8846,11761.,8.5026e-05,9.5775,9.6276,46.982,70.458,112.45,837.65,-0.016686,0.11680,0.10229,0.0092116,liquid
280.75,5.9443,11750.,8.5107e-05,9.6165,9.6670,47.121,70.515,112.58,835.33,-0.016424,0.11638,0.10212,0.0091676,liquid
281.10,6.0045,11739.,8.5187e-05,9.6554,9.7066,47.260,70.572,112.70,833.02,-0.016159,0.11596,0.10195,0.0091235,liquid
281.45,6.0651,11728.,8.5269e-05,9.6944,9.7462,47.399,70.629,112.83,830.70,-0.015892,0.11555,0.10177,0.0090796,liquid
281.80,6.1262,11716.,8.5350e-05,9.7335,9.7858,47.537,70.686,112.96,828.38,-0.015623,0.11513,0.10160,0.0090356,liquid
282.15,6.1877,11705.,8.5432e-05,9.7726,9.8254,47.676,70.744,113.09,826.07,-0.015353,0.11472,0.10142,0.0089917,liquid
282.50,6.2497,11694.,8.5514e-05,9.8117,9.8652,47.815,70.801,113.22,823.75,-0.015080,0.11431,0.10125,0.0089478,liquid
282.85,6.3121,11683.,8.5597e-05,9.8509,9.9049,47.954,70.859,113.36,821.43,-0.014806,0.11390,0.10107,0.0089039,liquid
283.20,6.3750,11671.,8.5680e-05,9.8901,9.9447,48.093,70.917,113.49,819.11,-0.014529,0.11349,0.10090,0.0088601,liquid
283.55,6.4384,11660.,8.5763e-05,9.9294,9.9846,48.231,70.974,113.62,816.79,-0.014250,0.11308,0.10073,0.0088163,liquid
283.90,6.5022,11649.,8.5846e-05,9.9686,10.024,48.370,71.032,113.76,814.47,-0.013970,0.11267,0.10056,0.0087726,liquid
284.25,6.5665,11637.,8.5930e-05,10.008,10.064,48.509,71.091,113.89,812.15,-0.013687,0.11227,0.10038,0.0087289,liquid
284.60,6.6313,11626.,8.6014e-05,10.047,10.104,48.647,71.149,114.02,809.83,-0.013402,0.11187,0.10021,0.0086852,liquid
284.95,6.6965,11615.,8.6099e-05,10.087,10.144,48.786,71.207,114.16,807.50,-0.013115,0.11146,0.10004,0.0086415,liquid
285.30,6.7622,11603.,8.6184e-05,10.126,10.184,48.924,71.266,114.30,805.18,-0.012825,0.11106,0.099867,0.0085979,liquid
285.65,6.8284,11592.,8.6269e-05,10.166,10.225,49.063,71.325,114.43,802.85,-0.012534,0.11066,0.099695,0.0085544,liquid
286.00,6.8951,11580.,8.6354e-05,10.205,10.265,49.201,71.384,114.57,800.53,-0.012240,0.11026,0.099524,0.0085108,liquid
286.35,6.9622,11569.,8.6440e-05,10.245,10.305,49.340,71.443,114.71,798.20,-0.011944,0.10987,0.099352,0.0084673,liquid
286.70,7.0298,11557.,8.6526e-05,10.284,10.345,49.478,71.502,114.85,795.88,-0.011646,0.10947,0.099181,0.0084239,liquid
287.05,7.0979,11546.,8.6613e-05,10.324,10.386,49.617,71.561,114.99,793.55,-0.011345,0.10908,0.099011,0.0083804,liquid
287.40,7.1665,11534.,8.6700e-05,10.364,10.426,49.755,71.620,115.13,791.22,-0.011042,0.10868,0.098840,0.0083370,liquid
287.75,7.2356,11522.,8.6787e-05,10.404,10.466,49.894,71.680,115.27,788.89,-0.010737,0.10829,0.098670,0.0082937,liquid
288.10,7.3051,11511.,8.6875e-05,10.443,10.507,50.032,71.739,115.42,786.56,-0.010429,0.10790,0.098500,0.0082504,liquid
288.45,7.3752,11499.,8.6963e-05,10.483,10.547,50.171,71.799,115.56,784.23,-0.010119,0.10751,0.098330,0.0082071,liquid
288.80,7.4457,11487.,8.7051e-05,10.523,10.588,50.309,71.859,115.70,781.90,-0.0098067,0.10712,0.098161,0.0081639,liquid
289.15,7.5168,11476.,8.7140e-05,10.563,10.628,50.447,71.919,115.85,779.57,-0.0094916,0.10673,0.097991,0.0081207,liquid
289.50,7.5883,11464.,8.7229e-05,10.603,10.669,50.586,71.979,116.00,777.24,-0.0091741,0.10635,0.097822,0.0080775,liquid
289.85,7.6604,11452.,8.7318e-05,10.643,10.710,50.724,72.040,116.14,774.90,-0.0088540,0.10596,0.097653,0.0080344,liquid
290.20,7.7329,11441.,8.7408e-05,10.683,10.751,50.862,72.100,116.29,772.57,-0.0085313,0.10558,0.097485,0.0079913,liquid
290.55,7.8060,11429.,8.7499e-05,10.723,10.791,51.001,72.161,116.44,770.23,-0.0082060,0.10520,0.097316,0.0079483,liquid
290.90,7.8795,11417.,8.7589e-05,10.763,10.832,51.139,72.222,116.59,767.90,-0.0078781,0.10481,0.097148,0.0079053,liquid
291.25,7.9536,11405.,8.7680e-05,10.803,10.873,51.277,72.282,116.74,765.56,-0.0075475,0.10443,0.096980,0.0078623,liquid
291.60,8.0281,11393.,8.7772e-05,10.844,10.914,51.415,72.344,116.89,763.22,-0.0072142,0.10405,0.096813,0.0078194,liquid
291.95,8.1032,11381.,8.7863e-05,10.884,10.955,51.554,72.405,117.04,760.88,-0.0068782,0.10368,0.096645,0.0077765,liquid
292.30,8.1788,11369.,8.7956e-05,10.924,10.996,51.692,72.466,117.19,758.54,-0.0065393,0.10330,0.096478,0.0077336,liquid
292.65,8.2550,11357.,8.8048e-05,10.965,11.037,51.830,72.527,117.35,756.20,-0.0061977,0.10292,0.096311,0.0076908,liquid
293.00,8.3316,11345.,8.8141e-05,11.005,11.078,51.968,72.589,117.50,753.86,-0.0058532,0.10255,0.096144,0.0076481,liquid
293.35,8.4088,11333.,8.8235e-05,11.045,11.120,52.107,72.651,117.66,751.52,-0.0055058,0.10217,0.095978,0.0076053,liquid
293.70,8.4864,11321.,8.8328e-05,11.086,11.161,52.245,72.712,117.81,749.17,-0.0051555,0.10180,0.095811,0.0075626,liquid
294.05,8.5646,11309.,8.8423e-05,11.126,11.202,52.383,72.774,117.97,746.83,-0.0048023,0.10143,0.095645,0.0075200,liquid
294.40,8.6434,11297.,8.8517e-05,11.167,11.243,52.521,72.837,118.13,744.48,-0.0044460,0.10106,0.095480,0.0074774,liquid
294.75,8.7227,11285.,8.8612e-05,11.208,11.285,52.659,72.899,118.29,742.14,-0.0040867,0.10069,0.095314,0.0074348,liquid
295.10,8.8025,11273.,8.8708e-05,11.248,11.326,52.798,72.961,118.45,739.79,-0.0037243,0.10032,0.095149,0.0073923,liquid
295.45,8.8828,11261.,8.8804e-05,11.289,11.368,52.936,73.024,118.61,737.44,-0.0033588,0.099955,0.094984,0.0073499,liquid
295.80,8.9637,11249.,8.8900e-05,11.330,11.409,53.074,73.086,118.77,735.09,-0.0029901,0.099589,0.094819,0.0073074,liquid
296.15,9.0451,11236.,8.8997e-05,11.371,11.451,53.212,73.149,118.94,732.74,-0.0026183,0.099224,0.094654,0.0072650,liquid
296.50,9.1270,11224.,8.9094e-05,11.411,11.493,53.350,73.212,119.10,730.39,-0.0022431,0.098860,0.094490,0.0072227,liquid
296.85,9.2095,11212.,8.9192e-05,11.452,11.535,53.489,73.275,119.27,728.03,-0.0018647,0.098497,0.094325,0.0071804,liquid
297.20,9.2926,11199.,8.9290e-05,11.493,11.576,53.627,73.339,119.43,725.68,-0.0014830,0.098135,0.094161,0.0071381,liquid
297.55,9.3762,11187.,8.9389e-05,11.534,11.618,53.765,73.402,119.60,723.32,-0.0010978,0.097774,0.093998,0.0070959,liquid
297.90,9.4603,11175.,8.9488e-05,11.575,11.660,53.903,73.465,119.77,720.97,-0.00070929,0.097414,0.093834,0.0070537,liquid
298.25,9.5450,11162.,8.9588e-05,11.616,11.702,54.041,73.529,119.94,718.61,-0.00031725,0.097055,0.093671,0.0070116,liquid
298.60,9.6302,11150.,8.9688e-05,11.658,11.744,54.180,73.593,120.11,716.25,7.8312e-05,0.096697,0.093508,0.0069695,liquid
298.95,9.7160,11137.,8.9788e-05,11.699,11.786,54.318,73.657,120.28,713.89,0.00047745,0.096340,0.093345,0.0069275,liquid
299.30,9.8024,11125.,8.9889e-05,11.740,11.828,54.456,73.721,120.45,711.53,0.00088020,0.095984,0.093182,0.0068855,liquid
299.65,9.8893,11112.,8.9991e-05,11.781,11.870,54.594,73.785,120.63,709.17,0.0012866,0.095629,0.093020,0.0068435,liquid
300.00,9.9768,11100.,9.0093e-05,11.823,11.913,54.733,73.850,120.80,706.81,0.0016968,0.095274,0.092858,0.0068016,liquid