90.000,9.6910e-09,1.2951e-06,7.7216e+05,15.577,16.326,216.30,31.236,39.550,146.58,42.907,0.0024488,0.0019194,vapor
90.350,1.1008e-08,1.4653e-06,6.8244e+05,15.588,16.339,215.39,31.297,39.611,146.84,42.462,0.0024584,0.0019363,vapor
90.700,1.2490e-08,1.6562e-06,6.0377e+05,15.599,16.353,214.49,31.358,39.672,147.09,42.025,0.0024680,0.0019533,vapor
91.050,1.4157e-08,1.8701e-06,5.3473e+05,15.610,16.367,213.60,31.418,39.733,147.35,41.593,0.0024776,0.0019703,vapor
91.400,1.6030e-08,2.1094e-06,4.7407e+05,15.621,16.381,212.72,31.479,39.794,147.60,41.167,0.0024872,0.0019873,vapor
91.750,1.8132e-08,2.3769e-06,4.2071e+05,15.632,16.395,211.85,31.540,39.855,147.85,40.747,0.0024968,0.0020044,vapor
92.100,2.0489e-08,2.6757e-06,3.7374e+05,15.643,16.409,210.99,31.601,39.916,148.10,40.334,0.0025064,0.0020215,vapor
92.450,2.3129e-08,3.0090e-06,3.3233e+05,15.654,16.423,210.13,31.662,39.977,148.36,39.926,0.0025161,0.0020386,vapor
92.800,2.6084e-08,3.3806e-06,2.9581e+05,15.665,16.437,209.28,31.723,40.037,148.61,39.523,0.0025257,0.0020558,vapor
93.150,2.9387e-08,3.7944e-06,2.6355e+05,15.677,16.451,208.44,31.784,40.098,148.86,39.126,0.0025353,0.0020730,vapor
93.500,3.3076e-08,4.2547e-06,2.3503e+05,15.688,16.465,207.61,31.844,40.159,149.11,38.735,0.0025449,0.0020903,vapor
93.850,3.7193e-08,4.7665e-06,2.0980e+05,15.699,16.479,206.78,31.905,40.220,149.36,38.349,0.0025545,0.0021075,vapor
94.200,4.1783e-08,5.3348e-06,1.8745e+05,15.710,16.493,205.97,31.966,40.280,149.61,37.968,0.0025641,0.0021249,vapor
94.550,4.6895e-08,5.9653e-06,1.6764e+05,15.721,16.507,205.16,32.026,40.341,149.85,37.593,0.0025737,0.0021422,vapor
94.900,5.2584e-08,6.6643e-06,1.5005e+05,15.732,16.521,204.35,32.087,40.401,150.10,37.223,0.0025834,0.0021596,vapor
95.250,5.8910e-08,7.4385e-06,1.3443e+05,15.744,16.536,203.56,32.147,40.462,150.35,36.857,0.0025930,0.0021770,vapor
95.600,6.5936e-08,8.2953e-06,1.2055e+05,15.755,16.550,202.77,32.208,40.522,150.60,36.497,0.0026026,0.0021945,vapor
95.950,7.3735e-08,9.2427e-06,1.0819e+05,15.766,16.564,201.99,32.268,40.583,150.84,36.142,0.0026122,0.0022120,vapor
96.300,8.2384e-08,1.0289e-05,97189.,15.777,16.578,201.21,32.329,40.643,151.09,35.791,0.0026218,0.0022295,vapor
96.650,9.1967e-08,1.1444e-05,87379.,15.789,16.592,200.45,32.389,40.703,151.33,35.445,0.0026314,0.0022471,vapor
97.000,1.0258e-07,1.2719e-05,78625.,15.800,16.607,199.69,32.449,40.764,151.58,35.104,0.0026411,0.0022647,vapor
97.350,1.1431e-07,1.4123e-05,70809.,15.812,16.621,198.93,32.509,40.824,151.82,34.767,0.0026507,0.0022823,vapor
97.700,1.2728e-07,1.5669e-05,63822.,15.823,16.635,198.18,32.569,40.884,152.07,34.434,0.0026603,0.0023000,vapor
98.050,1.4160e-07,1.7370e-05,57572.,15.834,16.650,197.44,32.629,40.944,152.31,34.106,0.0026699,0.0023177,vapor
98.400,1.5741e-07,1.9240e-05,51976.,15.846,16.664,196.71,32.689,41.004,152.55,33.783,0.0026795,0.0023355,vapor
98.750,1.7483e-07,2.1294e-05,46962.,15.857,16.678,195.98,32.749,41.063,152.80,33.464,0.0026891,0.0023533,vapor
99.100,1.9403e-07,2.3549e-05,42466.,15.869,16.693,195.26,32.809,41.123,153.04,33.148,0.0026988,0.0023711,vapor
99.450,2.1517e-07,2.6022e-05,38430.,15.880,16.707,194.55,32.868,41.183,153.28,32.837,0.0027084,0.0023889,vapor
99.800,2.3841e-07,2.8732e-05,34804.,15.892,16.721,193.84,32.928,41.242,153.52,32.530,0.0027180,0.0024068,vapor
100.15,2.6397e-07,3.1700e-05,31545.,15.903,16.736,193.14,32.988,41.302,153.76,32.228,0.0027276,0.0024247,vapor
100.50,2.9203e-07,3.4949e-05,28613.,15.915,16.750,192.44,33.047,41.361,154.00,31.928,0.0027373,0.0024427,vapor
100.85,3.2283e-07,3.8501e-05,25973.,15.926,16.765,191.75,33.106,41.421,154.24,31.633,0.0027469,0.0024607,vapor
101.20,3.5662e-07,4.2383e-05,23595.,15.938,16.779,191.07,33.166,41.480,154.48,31.342,0.0027565,0.0024787,vapor
101.55,3.9364e-07,4.6621e-05,21449.,15.950,16.794,190.39,33.225,41.539,154.72,31.054,0.0027661,0.0024968,vapor
101.90,4.3418e-07,5.1246e-05,19514.,15.961,16.808,189.72,33.284,41.598,154.96,30.770,0.0027757,0.0025149,vapor
102.25,4.7855e-07,5.6290e-05,17765.,15.973,16.823,189.05,33.343,41.657,155.20,30.490,0.0027854,0.0025330,vapor
102.60,5.2707e-07,6.1786e-05,16185.,15.985,16.838,188.39,33.402,41.716,155.44,30.213,0.0027950,0.0025512,vapor
102.95,5.8010e-07,6.7770e-05,14756.,15.996,16.852,187.74,33.461,41.775,155.68,29.940,0.0028046,0.0025694,vapor
103.30,6.3800e-07,7.4283e-05,13462.,16.008,16.867,187.09,33.519,41.834,155.91,29.670,0.0028142,0.0025877,vapor
103.65,7.0119e-07,8.1364e-05,12290.,16.020,16.882,186.44,33.578,41.892,156.15,29.404,0.0028239,0.0026060,vapor
104.00,7.7011e-07,8.9061e-05,11228.,16.031,16.896,185.81,33.636,41.951,156.39,29.141,0.0028335,0.0026243,vapor
104.35,8.4522e-07,9.7419e-05,10265.,16.043,16.911,185.17,33.695,42.009,156.62,28.881,0.0028431,0.0026426,vapor
104.70,9.2702e-07,0.00010649,9390.6,16.055,16.926,184.55,33.753,42.068,156.86,28.625,0.0028527,0.0026610,vapor
105.05,1.0161e-06,0.00011633,8596.3,16.067,16.940,183.92,33.811,42.126,157.09,28.371,0.0028623,0.0026794,vapor
105.40,1.1129e-06,0.00012699,7874.4,16.079,16.955,183.31,33.870,42.184,157.33,28.121,0.0028720,0.0026979,vapor
105.75,1.2182e-06,0.00013855,7217.8,16.091,16.970,182.70,33.928,42.242,157.56,27.874,0.0028816,0.0027164,vapor
106.10,1.3325e-06,0.00015105,6620.2,16.102,16.985,182.09,33.986,42.300,157.80,27.630,0.0028912,0.0027349,vapor
106.45,1.4567e-06,0.00016458,6076.0,16.114,16.999,181.49,34.043,42.358,158.03,27.389,0.0029008,0.0027535,vapor
106.80,1.5914e-06,0.00017921,5580.0,16.126,17.014,180.89,34.101,42.416,158.26,27.151,0.0029105,0.0027721,vapor
107.15,1.7374e-06,0.00019502,5127.7,16.138,17.029,180.30,34.159,42.473,158.50,26.916,0.0029201,0.0027908,vapor
107.50,1.8957e-06,0.00021209,4714.9,16.150,17.044,179.71,34.216,42.531,158.73,26.683,0.0029297,0.0028094,vapor
107.85,2.0671e-06,0.00023052,4338.0,16.162,17.059,179.13,34.274,42.588,158.96,26.454,0.0029393,0.0028281,vapor
108.20,2.2526e-06,0.00025040,3993.7,16.174,17.074,178.56,34.331,42.646,159.19,26.227,0.0029490,0.0028469,vapor
108.55,2.4533e-06,0.00027182,3678.9,16.186,17.089,177.98,34.388,42.703,159.43,26.003,0.0029586,0.0028657,vapor
108.90,2.6702e-06,0.00029491,3390.9,16.198,17.104,177.42,34.445,42.760,159.66,25.782,0.0029682,0.0028845,vapor
109.25,2.9046e-06,0.00031977,3127.2,16.210,17.119,176.86,34.502,42.817,159.89,25.563,0.0029779,0.0029033,vapor
109.60,3.1578e-06,0.00034653,2885.8,16.222,17.134,176.30,34.559,42.874,160.12,25.347,0.0029875,0.0029222,vapor
109.95,3.4309e-06,0.00037530,2664.5,16.235,17.149,175.74,34.616,42.931,160.35,25.133,0.0029971,0.0029412,vapor
110.30,3.7256e-06,0.00040624,2461.6,16.247,17.164,175.20,34.673,42.987,160.58,24.923,0.0030067,0.0029601,vapor
110.65,4.0432e-06,0.00043948,2275.4,16.259,17.179,174.65,34.729,43.044,160.81,24.714,0.0030164,0.0029791,vapor
111.00,4.3854e-06,0.00047517,2104.5,16.271,17.194,174.11,34.786,43.100,161.03,24.508,0.0030260,0.0029981,vapor
111.35,4.7539e-06,0.00051348,1947.5,16.283,17.209,173.58,34.842,43.157,161.26,24.305,0.0030356,0.0030172,vapor
111.70,5.1505e-06,0.00055458,1803.2,16.295,17.224,173.05,34.899,43.213,161.49,24.103,0.0030453,0.0030363,vapor
112.05,5.5771e-06,0.00059864,1670.4,16.308,17.239,172.52,34.955,43.269,161.72,23.905,0.0030549,0.0030555,vapor
112.40,6.0358e-06,0.00064586,1548.3,16.320,17.254,172.00,35.011,43.325,161.95,23.708,0.0030645,0.0030746,vapor
112.75,6.5287e-06,0.00069643,1435.9,16.332,17.270,171.48,35.067,43.381,162.17,23.514,0.0030741,0.0030938,vapor
113.10,7.0580e-06,0.00075056,1332.3,16.344,17.285,170.97,35.123,43.437,162.40,23.322,0.0030838,0.0031131,vapor
113.45,7.6262e-06,0.00080849,1236.9,16.357,17.300,170.46,35.178,43.493,162.63,23.132,0.0030934,0.0031324,vapor
113.80,8.2359e-06,0.00087043,1148.9,16.369,17.315,169.95,35.234,43.549,162.85,22.945,0.0031030,0.0031517,vapor
114.15,8.8896e-06,0.00093664,1067.6,16.381,17.330,169.45,35.290,43.604,163.08,22.759,0.0031127,0.0031710,vapor
114.50,9.5903e-06,0.0010074,992.67,16.394,17.346,168.95,35.345,43.660,163.30,22.576,0.0031223,0.0031904,vapor
114.85,1.0341e-05,0.0010829,923.42,16.406,17.361,168.46,35.400,43.715,163.53,22.395,0.0031319,0.0032099,vapor
115.20,1.1145e-05,0.0011636,859.44,16.418,17.376,167.97,35.456,43.770,163.75,22.216,0.0031415,0.0032293,vapor
115.55,1.2005e-05,0.0012496,800.27,16.431,17.392,167.49,35.511,43.825,163.98,22.039,0.0031512,0.0032488,vapor
115.90,1.2925e-05,0.0013413,745.55,16.443,17.407,167.00,35.566,43.880,164.20,21.864,0.0031608,0.0032683,vapor
116.25,1.3909e-05,0.0014391,694.90,16.456,17.422,166.53,35.621,43.935,164.43,21.691,0.0031704,0.0032879,vapor
116.60,1.4961e-05,0.0015432,648.00,16.468,17.438,166.05,35.676,43.990,164.65,21.519,0.0031801,0.0033075,vapor
116.95,1.6084e-05,0.0016541,604.55,16.481,17.453,165.58,35.730,44.045,164.87,21.350,0.0031897,0.0033272,vapor
117.30,1.7284e-05,0.0017722,564.28,16.493,17.469,165.12,35.785,44.100,165.09,21.183,0.0031993,0.0033468,vapor
117.65,1.8564e-05,0.0018978,526.93,16.506,17.484,164.65,35.839,44.154,165.32,21.017,0.0032090,0.0033665,vapor
118.00,1.9929e-05,0.0020313,492.29,16.518,17.499,164.19,35.894,44.208,165.54,20.854,0.0032186,0.0033863,vapor
118.35,2.1386e-05,0.0021733,460.13,16.531,17.515,163.74,35.948,44.263,165.76,20.692,0.0032282,0.0034061,vapor
118.70,2.2938e-05,0.0023242,430.26,16.544,17.530,163.29,36.002,44.317,165.98,20.532,0.0032379,0.0034259,vapor
119.05,2.4591e-05,0.0024844,402.52,16.556,17.546,162.84,36.056,44.371,166.20,20.374,0.0032475,0.0034457,vapor
119.40,2.6352e-05,0.0026544,376.73,16.569,17.562,162.39,36.111,44.425,166.42,20.217,0.0032571,0.0034656,vapor
119.75,2.8226e-05,0.0028349,352.74,16.581,17.577,161.95,36.164,44.479,166.64,20.063,0.0032667,0.0034856,vapor
120.10,3.0220e-05,0.0030264,330.43,16.594,17.593,161.52,36.218,44.533,166.86,19.909,0.0032764,0.0035055,vapor
120.45,3.2341e-05,0.0032293,309.66,16.607,17.608,161.08,36.272,44.587,167.08,19.758,0.0032860,0.0035255,vapor
120.80,3.4595e-05,0.0034444,290.32,16.619,17.624,160.65,36.326,44.640,167.30,19.608,0.0032956,0.0035455,vapor
121.15,3.6991e-05,0.0036723,272.31,16.632,17.639,160.22,36.379,44.694,167.52,19.460,0.0033053,0.0035656,vapor
121.50,3.9535e-05,0.0039136,255.52,16.645,17.655,159.80,36.433,44.747,167.74,19.314,0.0033149,0.0035857,vapor
121.85,4.2237e-05,0.0041691,239.86,16.658,17.671,159.38,36.486,44.801,167.96,19.169,0.0033245,0.0036059,vapor
122.20,4.5105e-05,0.0044394,225.26,16.670,17.686,158.96,36.539,44.854,168.18,19.026,0.0033342,0.0036260,vapor
122.55,4.8147e-05,0.0047253,211.63,16.683,17.702,158.55,36.592,44.907,168.40,18.884,0.0033438,0.0036462,vapor
122.90,5.1373e-05,0.0050275,198.91,16.696,17.718,158.14,36.646,44.960,168.61,18.743,0.0033534,0.0036665,vapor
123.25,5.4793e-05,0.0053470,187.02,16.709,17.734,157.73,36.698,45.013,168.83,18.605,0.0033631,0.0036868,vapor
123.60,5.8417e-05,0.0056845,175.92,16.722,17.749,157.32,36.751,45.066,169.05,18.467,0.0033727,0.0037071,vapor
123.95,6.2255e-05,0.0060409,165.54,16.735,17.765,156.92,36.804,45.119,169.27,18.332,0.0033823,0.0037274,vapor
124.30,6.6320e-05,0.0064172,155.83,16.748,17.781,156.52,36.857,45.172,169.48,18.197,0.0033920,0.0037478,vapor
124.65,7.0621e-05,0.0068142,146.75,16.760,17.797,156.13,36.910,45.225,169.70,18.064,0.0034016,0.0037682,vapor
125.00,7.5173e-05,0.0072331,138.25,16.773,17.813,155.73,36.962,45.277,169.91,17.933,0.0034112,0.0037887,vapor
125.35,7.9987e-05,0.0076748,130.30,16.786,17.829,155.34,37.015,45.330,170.13,17.803,0.0034209,0.0038092,vapor
125.70,8.5076e-05,0.0081404,122.84,16.799,17.844,154.96,37.067,45.382,170.34,17.674,0.0034305,0.0038297,vapor
126.05,9.0455e-05,0.0086311,115.86,16.812,17.860,154.57,37.119,45.434,170.56,17.547,0.0034401,0.0038503,vapor
126.40,9.6138e-05,0.0091479,109.31,16.825,17.876,154.19,37.171,45.487,170.77,17.421,0.0034498,0.0038709,vapor
126.75,0.00010214,0.0096921,103.18,16.838,17.892,153.82,37.224,45.539,170.99,17.296,0.0034594,0.0038915,vapor
127.10,0.00010847,0.010265,97.418,16.851,17.908,153.44,37.276,45.591,171.20,17.173,0.0034690,0.0039122,vapor
127.45,0.00011516,0.010868,92.015,16.864,17.924,153.07,37.328,45.643,171.42,17.051,0.0034787,0.0039329,vapor
127.80,0.00012221,0.011502,86.942,16.877,17.940,152.70,37.379,45.695,171.63,16.930,0.0034883,0.0039537,vapor
128.15,0.00012965,0.012169,82.178,16.891,17.956,152.33,37.431,45.747,171.84,16.810,0.0034979,0.0039744,vapor
128.50,0.00013750,0.012870,77.702,16.904,17.972,151.97,37.483,45.799,172.05,16.692,0.0035076,0.0039953,vapor
128.85,0.00014576,0.013606,73.496,16.917,17.988,151.61,37.535,45.850,172.27,16.575,0.0035172,0.0040161,vapor
129.20,0.00015447,0.014380,69.541,16.930,18.004,151.25,37.586,45.902,172.48,16.459,0.0035268,0.0040370,vapor
129.55,0.00016364,0.015193,65.822,16.943,18.020,150.90,37.638,45.953,172.69,16.344,0.0035365,0.0040579,vapor
129.90,0.00017329,0.016046,62.322,16.956,18.036,150.54,37.689,46.005,172.90,16.231,0.0035461,0.0040789,vapor
130.25,0.00018345,0.016941,59.029,16.969,18.052,150.19,37.740,46.056,173.11,16.119,0.0035557,0.0040999,vapor
130.60,0.00019415,0.017880,55.928,16.983,18.068,149.85,37.792,46.108,173.32,16.007,0.0035654,0.0041209,vapor
130.95,0.00020539,0.018865,53.008,16.996,18.085,149.50,37.843,46.159,173.54,15.897,0.0035750,0.0041420,vapor
131.30,0.00021721,0.019898,50.256,17.009,18.101,149.16,37.894,46.210,173.75,15.789,0.0035846,0.0041631,vapor
131.65,0.00022964,0.020980,47.663,17.022,18.117,148.82,37.945,46.261,173.96,15.681,0.0035943,0.0041842,vapor
132.00,0.00024270,0.022115,45.219,17.036,18.133,148.48,37.996,46.312,174.17,15.574,0.0036039,0.0042054,vapor
132.35,0.00025642,0.023303,42.913,17.049,18.149,148.15,38.047,46.363,174.38,15.469,0.0036135,0.0042266,vapor
132.70,0.00027082,0.024547,40.738,17.062,18.166,147.82,38.098,46.414,174.58,15.364,0.0036232,0.0042478,vapor
133.05,0.00028594,0.025850,38.685,17.076,18.182,147.49,38.149,46.465,174.79,15.261,0.0036328,0.0042691,vapor
133.40,0.00030181,0.027213,36.747,17.089,18.198,147.16,38.200,46.516,175.00,15.159,0.0036424,0.0042904,vapor
133.75,0.00031846,0.028639,34.917,17.102,18.214,146.84,38.250,46.567,175.21,15.057,0.0036520,0.0043118,vapor
134.10,0.00033592,0.030131,33.189,17.116,18.231,146.51,38.301,46.618,175.42,14.957,0.0036617,0.0043331,vapor
134.45,0.00035424,0.031690,31.555,17.129,18.247,146.19,38.351,46.668,175.63,14.858,0.0036713,0.0043546,vapor
134.80,0.00037343,0.033321,30.011,17.143,18.263,145.88,38.402,46.719,175.83,14.759,0.0036809,0.0043760,vapor
135.15,0.00039354,0.035025,28.551,17.156,18.280,145.56,38.452,46.770,176.04,14.662,0.0036906,0.0043975,vapor
135.50,0.00041461,0.036805,27.170,17.169,18.296,145.25,38.503,46.820,176.25,14.566,0.0037002,0.0044190,vapor
135.85,0.00043668,0.038664,25.864,17.183,18.312,144.94,38.553,46.871,176.45,14.471,0.0037098,0.0044406,vapor
136.20,0.00045978,0.040605,24.627,17.196,18.329,144.63,38.603,46.921,176.66,14.376,0.0037195,0.0044622,vapor
136.55,0.00048397,0.042631,23.457,17.210,18.345,144.33,38.654,46.971,176.87,14.283,0.0037291,0.0044838,vapor
136.90,0.00050927,0.044746,22.348,17.223,18.362,144.02,38.704,47.022,177.07,14.190,0.0037387,0.0045055,vapor
137.25,0.00053574,0.046952,21.298,17.237,18.378,143.72,38.754,47.072,177.28,14.099,0.0037484,0.0045272,vapor
137.60,0.00056343,0.049253,20.303,17.251,18.395,143.42,38.804,47.122,177.48,14.008,0.0037580,0.0045489,vapor
137.95,0.00059238,0.051652,19.360,17.264,18.411,143.12,38.854,47.172,177.69,13.919,0.0037676,0.0045707,vapor
138.30,0.00062263,0.054153,18.466,17.278,18.427,142.83,38.904,47.222,177.89,13.830,0.0037772,0.0045925,vapor
138.65,0.00065425,0.056760,17.618,17.291,18.444,142.54,38.954,47.272,178.10,13.742,0.0037869,0.0046144,vapor
139.00,0.00068728,0.059475,16.814,17.305,18.461,142.25,39.004,47.322,178.30,13.655,0.0037965,0.0046362,vapor
139.35,0.00072178,0.062304,16.050,17.319,18.477,141.96,39.054,47.372,178.50,13.568,0.0038061,0.0046582,vapor
139.70,0.00075780,0.065250,15.326,17.332,18.494,141.67,39.103,47.422,178.71,13.483,0.0038158,0.0046801,vapor
140.05,0.00079539,0.068317,14.638,17.346,18.510,141.39,39.153,47.472,178.91,13.399,0.0038254,0.0047021,vapor
140.40,0.00083463,0.071509,13.984,17.360,18.527,141.11,39.203,47.522,179.11,13.315,0.0038350,0.0047241,vapor
140.75,0.00087557,0.074830,13.364,17.373,18.543,140.83,39.252,47.572,179.32,13.232,0.0038446,0.0047462,vapor
141.10,0.00091827,0.078285,12.774,17.387,18.560,140.55,39.302,47.622,179.52,13.150,0.0038543,0.0047683,vapor
141.45,0.00096280,0.081879,12.213,17.401,18.577,140.27,39.352,47.672,179.72,13.069,0.0038639,0.0047904,vapor
141.80,0.0010092,0.085615,11.680,17.415,18.593,140.00,39.401,47.722,179.92,12.988,0.0038735,0.0048125,vapor
142.15,0.0010576,0.089500,11.173,17.428,18.610,139.73,39.451,47.771,180.12,12.909,0.0038832,0.0048347,vapor
142.50,0.0011080,0.093537,10.691,17.442,18.627,139.46,39.500,47.821,180.33,12.830,0.0038928,0.0048570,vapor
142.85,0.0011605,0.097731,10.232,17.456,18.643,139.19,39.550,47.871,180.53,12.751,0.0039024,0.0048792,vapor
143.20,0.0012153,0.10209,9.7955,17.470,18.660,138.92,39.599,47.920,180.73,12.674,0.0039120,0.0049015,vapor
143.55,0.0012722,0.10661,9.3797,17.484,18.677,138.66,39.648,47.970,180.93,12.597,0.0039217,0.0049239,vapor
143.90,0.0013315,0.11131,8.9838,17.498,18.694,138.40,39.698,48.020,181.13,12.521,0.0039313,0.0049463,vapor
144.25,0.0013932,0.11619,8.6067,17.511,18.711,138.14,39.747,48.069,181.33,12.446,0.0039409,0.0049687,vapor
144.60,0.0014574,0.12125,8.2474,17.525,18.727,137.88,39.796,48.119,181.53,12.372,0.0039505,0.0049911,vapor
144.95,0.0015242,0.12650,7.9050,17.539,18.744,137.62,39.845,48.168,181.73,12.298,0.0039602,0.0050136,vapor
145.30,0.0015937,0.13195,7.5786,17.553,18.761,137.37,39.895,48.218,181.92,12.225,0.0039698,0.0050361,vapor
145.65,0.0016659,0.13760,7.2674,17.567,18.778,137.12,39.944,48.267,182.12,12.152,0.0039794,0.0050587,vapor
146.00,0.0017410,0.14346,6.9706,17.581,18.795,136.86,39.993,48.317,182.32,12.081,0.0039890,0.0050812,vapor
146.35,0.0018191,0.14953,6.6874,17.595,18.812,136.62,40.042,48.366,182.52,12.010,0.0039987,0.0051039,vapor
146.70,0.0019001,0.15583,6.4173,17.609,18.828,136.37,40.091,48.416,182.72,11.939,0.0040083,0.0051265,vapor
147.05,0.0019844,0.16235,6.1595,17.623,18.845,136.12,40.140,48.465,182.91,11.870,0.0040179,0.0051492,vapor
147.40,0.0020719,0.16911,5.9133,17.637,18.862,135.88,40.189,48.515,183.11,11.800,0.0040275,0.0051719,vapor
147.75,0.0021627,0.17611,5.6783,17.651,18.879,135.64,40.238,48.564,183.31,11.732,0.0040371,0.0051947,vapor
148.10,0.0022570,0.18336,5.4539,17.665,18.896,135.40,40.288,48.614,183.50,11.664,0.0040468,0.0052175,vapor
148.45,0.0023549,0.19086,5.2394,17.679,18.913,135.16,40.337,48.663,183.70,11.597,0.0040564,0.0052403,vapor
148.80,0.0024565,0.19863,5.0346,17.693,18.930,134.92,40.386,48.713,183.90,11.530,0.0040660,0.0052632,vapor
149.15,0.0025619,0.20667,4.8387,17.707,18.947,134.69,40.435,48.762,184.09,11.464,0.0040756,0.0052861,vapor
149.50,0.0026712,0.21498,4.6515,17.722,18.964,134.45,40.484,48.811,184.29,11.399,0.0040852,0.0053090,vapor
149.85,0.0027846,0.22359,4.4725,17.736,18.981,134.22,40.532,48.861,184.48,11.334,0.0040949,0.0053320,vapor
150.20,0.0029022,0.23248,4.3014,17.750,18.998,133.99,40.581,48.910,184.68,11.270,0.0041045,0.0053550,vapor
150.55,0.0030240,0.24169,4.1376,17.764,19.015,133.76,40.630,48.960,184.87,11.206,0.0041141,0.0053780,vapor
150.90,0.0031503,0.25120,3.9809,17.778,19.032,133.54,40.679,49.009,185.07,11.143,0.0041237,0.0054011,vapor
151.25,0.0032811,0.26103,3.8309,17.792,19.049,133.31,40.728,49.059,185.26,11.081,0.0041333,0.0054242,vapor
151.60,0.0034167,0.27119,3.6874,17.807,19.066,133.09,40.777,49.108,185.45,11.019,0.0041429,0.0054473,vapor
151.95,0.0035571,0.28169,3.5500,17.821,19.084,132.87,40.826,49.158,185.65,10.957,0.0041525,0.0054705,vapor
152.30,0.0037025,0.29254,3.4184,17.835,19.101,132.65,40.875,49.207,185.84,10.897,0.0041622,0.0054937,vapor
152.65,0.0038531,0.30374,3.2923,17.849,19.118,132.43,40.924,49.257,186.03,10.836,0.0041718,0.0055170,vapor
153.00,0.0040089,0.31531,3.1715,17.864,19.135,132.21,40.973,49.306,186.22,10.776,0.0041814,0.0055403,vapor
153.35,0.0041702,0.32725,3.0558,17.878,19.152,131.99,41.022,49.356,186.42,10.717,0.0041910,0.0055636,vapor
153.70,0.0043371,0.33958,2.9448,17.892,19.169,131.78,41.070,49.405,186.61,10.658,0.0042006,0.0055869,vapor
154.05,0.0045098,0.35230,2.8385,17.907,19.187,131.57,41.119,49.455,186.80,10.600,0.0042102,0.0056103,vapor
154.40,0.0046884,0.36543,2.7365,17.921,19.204,131.36,41.168,49.504,186.99,10.542,0.0042198,0.0056337,vapor
154.75,0.0048731,0.37898,2.6387,17.935,19.221,131.15,41.217,49.554,187.18,10.485,0.0042294,0.0056572,vapor
155.10,0.0050640,0.39295,2.5449,17.950,19.238,130.94,41.266,49.604,187.37,10.428,0.0042390,0.0056807,vapor
155.45,0.0052615,0.40735,2.4549,17.964,19.256,130.73,41.315,49.653,187.56,10.371,0.0042487,0.0057042,vapor
155.80,0.0054655,0.42221,2.3685,17.978,19.273,130.53,41.364,49.703,187.75,10.315,0.0042583,0.0057278,vapor
156.15,0.0056764,0.43753,2.2856,17.993,19.290,130.32,41.413,49.753,187.94,10.260,0.0042679,0.0057513,vapor
156.50,0.0058942,0.45331,2.2060,18.007,19.308,130.12,41.462,49.802,188.13,10.205,0.0042775,0.0057750,vapor
156.85,0.0061193,0.46958,2.1296,18.022,19.325,129.92,41.511,49.852,188.32,10.150,0.0042871,0.0057986,vapor
157.20,0.0063518,0.48635,2.0561,18.036,19.342,129.72,41.560,49.902,188.51,10.096,0.0042967,0.0058223,vapor
157.55,0.0065918,0.50362,1.9856,18.051,19.360,129.52,41.608,49.952,188.70,10.043,0.0043063,0.0058461,vapor
157.90,0.0068396,0.52141,1.9179,18.065,19.377,129.33,41.657,50.001,188.88,9.9893,0.0043159,0.0058698,vapor
158.25,0.0070955,0.53973,1.8528,18.080,19.394,129.13,41.706,50.051,189.07,9.9364,0.0043255,0.0058936,vapor
158.60,0.0073595,0.55859,1.7902,18.094,19.412,128.94,41.755,50.101,189.26,9.8840,0.0043351,0.0059175,vapor
158.95,0.0076320,0.57801,1.7301,18.109,19.429,128.75,41.804,50.151,189.45,9.8320,0.0043447,0.0059413,vapor
159.30,0.0079131,0.59800,1.6722,18.123,19.447,128.56,41.853,50.201,189.63,9.7804,0.0043543,0.0059652,vapor
159.65,0.0082031,0.61857,1.6166,18.138,19.464,128.37,41.902,50.251,189.82,9.7291,0.0043639,0.0059892,vapor
160.00,0.0085022,0.63974,1.5631,18.152,19.481,128.18,41.952,50.301,190.01,9.6783,0.0043735,0.0060131,vapor
160.35,0.0088106,0.66152,1.5117,18.167,19.499,127.99,42.001,50.351,190.19,9.6278,0.0043831,0.0060371,vapor
160.70,0.0091287,0.68393,1.4621,18.182,19.516,127.80,42.050,50.402,190.38,9.5778,0.0043927,0.0060612,vapor
161.05,0.0094565,0.70697,1.4145,18.196,19.534,127.62,42.099,50.452,190.56,9.5281,0.0044023,0.0060852,vapor
161.40,0.0097944,0.73067,1.3686,18.211,19.551,127.44,42.148,50.502,190.75,9.4788,0.0044118,0.0061093,vapor
161.75,0.010143,0.75503,1.3244,18.226,19.569,127.26,42.197,50.552,190.93,9.4298,0.0044214,0.0061335,vapor
162.10,0.010501,0.78008,1.2819,18.240,19.586,127.08,42.246,50.603,191.12,9.3812,0.0044310,0.0061577,vapor
162.45,0.010871,0.80582,1.2410,18.255,19.604,126.90,42.295,50.653,191.30,9.3330,0.0044406,0.0061819,vapor
162.80,0.011252,0.83228,1.2015,18.270,19.622,126.72,42.345,50.704,191.48,9.2851,0.0044502,0.0062061,vapor
163.15,0.011644,0.85947,1.1635,18.284,19.639,126.54,42.394,50.754,191.67,9.2375,0.0044598,0.0062304,vapor
163.50,0.012048,0.88740,1.1269,18.299,19.657,126.37,42.443,50.805,191.85,9.1903,0.0044694,0.0062547,vapor
163.85,0.012463,0.91609,1.0916,18.314,19.674,126.19,42.493,50.856,192.03,9.1434,0.0044790,0.0062790,vapor
164.20,0.012891,0.94555,1.0576,18.329,19.692,126.02,42.542,50.906,192.21,9.0969,0.0044885,0.0063034,vapor
164.55,0.013332,0.97582,1.0248,18.343,19.709,125.85,42.591,50.957,192.39,9.0507,0.0044981,0.0063278,vapor
164.90,0.013785,1.0069,0.99316,18.358,19.727,125.68,42.641,51.008,192.58,9.0048,0.0045077,0.0063523,vapor
165.25,0.014251,1.0388,0.96266,18.373,19.745,125.51,42.690,51.059,192.76,8.9592,0.0045173,0.0063768,vapor
165.60,0.014731,1.0715,0.93325,18.388,19.762,125.34,42.740,51.110,192.94,8.9139,0.0045269,0.0064013,vapor
165.95,0.015224,1.1051,0.90487,18.402,19.780,125.17,42.789,51.161,193.12,8.8690,0.0045364,0.0064258,vapor
166.30,0.015732,1.1396,0.87749,18.417,19.798,125.01,42.839,51.212,193.30,8.8243,0.0045460,0.0064504,vapor
166.65,0.016254,1.1750,0.85107,18.432,19.815,124.84,42.889,51.263,193.48,8.7800,0.0045556,0.0064750,vapor
167.00,0.016790,1.2113,0.82557,18.447,19.833,124.68,42.938,51.315,193.66,8.7359,0.0045652,0.0064997,vapor
167.35,0.017342,1.2485,0.80095,18.462,19.851,124.52,42.988,51.366,193.84,8.6921,0.0045747,0.0065243,vapor
167.70,0.017909,1.2867,0.77718,18.477,19.869,124.36,43.038,51.417,194.02,8.6486,0.0045843,0.0065491,vapor
168.05,0.018491,1.3259,0.75423,18.492,19.886,124.20,43.087,51.469,194.19,8.6054,0.0045939,0.0065738,vapor
168.40,0.019090,1.3660,0.73206,18.507,19.904,124.04,43.137,51.521,194.37,8.5625,0.0046034,0.0065986,vapor
168.75,0.019705,1.4072,0.71065,18.522,19.922,123.88,43.187,51.572,194.55,8.5199,0.0046130,0.0066234,vapor
169.10,0.020337,1.4493,0.68997,18.537,19.940,123.72,43.237,51.624,194.73,8.4775,0.0046226,0.0066482,vapor
169.45,0.020986,1.4926,0.66998,18.551,19.958,123.57,43.287,51.676,194.90,8.4354,0.0046321,0.0066731,vapor
169.80,0.021653,1.5369,0.65066,18.566,19.975,123.41,43.337,51.728,195.08,8.3936,0.0046417,0.0066980,vapor
170.15,0.022337,1.5823,0.63200,18.581,19.993,123.26,43.387,51.780,195.26,8.3520,0.0046513,0.0067230,vapor
170.50,0.023040,1.6288,0.61395,18.596,20.011,123.11,43.437,51.832,195.43,8.3107,0.0046608,0.0067480,vapor
170.85,0.023761,1.6764,0.59650,18.611,20.029,122.96,43.488,51.884,195.61,8.2697,0.0046704,0.0067730,vapor
171.20,0.024501,1.7252,0.57963,18.626,20.047,122.81,43.538,51.937,195.78,8.2289,0.0046799,0.0067980,vapor
171.55,0.025261,1.7752,0.56331,18.642,20.065,122.66,43.588,51.989,195.96,8.1883,0.0046895,0.0068231,vapor
171.90,0.026041,1.8264,0.54753,18.657,20.082,122.51,43.639,52.042,196.13,8.1480,0.0046991,0.0068482,vapor
172.25,0.026841,1.8788,0.53226,18.672,20.100,122.36,43.689,52.094,196.31,8.1079,0.0047086,0.0068734,vapor
172.60,0.027661,1.9324,0.51749,18.687,20.118,122.22,43.740,52.147,196.48,8.0681,0.0047182,0.0068986,vapor
172.95,0.028503,1.9873,0.50320,18.702,20.136,122.07,43.790,52.200,196.65,8.0285,0.0047277,0.0069238,vapor
173.30,0.029366,2.0435,0.48936,18.717,20.154,121.93,43.841,52.253,196.83,7.9892,0.0047373,0.0069490,vapor
173.65,0.030252,2.1010,0.47597,18.732,20.172,121.78,43.891,52.306,197.00,7.9501,0.0047468,0.0069743,vapor
174.00,0.031159,2.1598,0.46301,18.747,20.190,121.64,43.942,52.359,197.17,7.9112,0.0047563,0.0069996,vapor
174.35,0.032090,2.2200,0.45046,18.762,20.208,121.50,43.993,52.412,197.34,7.8725,0.0047659,0.0070250,vapor
174.70,0.033044,2.2815,0.43830,18.777,20.226,121.36,44.044,52.466,197.51,7.8341,0.0047754,0.0070503,vapor
175.05,0.034021,2.3445,0.42653,18.793,20.244,121.22,44.095,52.519,197.68,7.7959,0.0047850,0.0070758,vapor
175.40,0.035023,2.4089,0.41513,18.808,20.262,121.08,44.146,52.573,197.85,7.7579,0.0047945,0.0071012,vapor
175.75,0.036050,2.4747,0.40408,18.823,20.280,120.95,44.197,52.627,198.02,7.7202,0.0048040,0.0071267,vapor
176.10,0.037102,2.5421,0.39338,18.838,20.298,120.81,44.248,52.681,198.19,7.6826,0.0048136,0.0071522,vapor
176.45,0.038179,2.6109,0.38301,18.853,20.316,120.68,44.299,52.735,198.36,7.6453,0.0048231,0.0071777,vapor
176.80,0.039283,2.6813,0.37296,18.869,20.334,120.54,44.351,52.789,198.53,7.6081,0.0048326,0.0072033,vapor
177.15,0.040414,2.7532,0.36322,18.884,20.352,120.41,44.402,52.843,198.70,7.5712,0.0048422,0.0072289,vapor
177.50,0.041571,2.8267,0.35377,18.899,20.370,120.28,44.454,52.897,198.87,7.5345,0.0048517,0.0072546,vapor
177.85,0.042757,2.9018,0.34462,18.914,20.388,120.14,44.505,52.952,199.04,7.4980,0.0048612,0.0072802,vapor
178.20,0.043971,2.9785,0.33574,18.930,20.406,120.01,44.557,53.007,199.20,7.4617,0.0048707,0.0073059,vapor
178.55,0.045213,3.0569,0.32713,18.945,20.424,119.88,44.609,53.061,199.37,7.4256,0.0048803,0.0073317,vapor
178.90,0.046485,3.1370,0.31878,18.960,20.442,119.76,44.660,53.116,199.54,7.3897,0.0048898,0.0073575,vapor
179.25,0.047786,3.2188,0.31067,18.976,20.460,119.63,44.712,53.171,199.70,7.3540,0.0048993,0.0073833,vapor
179.60,0.049118,3.3024,0.30281,18.991,20.478,119.50,44.764,53.227,199.87,7.3185,0.0049088,0.0074091,vapor
179.95,0.050481,3.3877,0.29519,19.006,20.496,119.38,44.816,53.282,200.03,7.2832,0.0049183,0.0074350,vapor
180.30,0.051875,3.4748,0.28779,19.022,20.515,119.25,44.869,53.337,200.20,7.2480,0.0049278,0.0074609,vapor
180.65,0.053302,3.5637,0.28061,19.037,20.533,119.13,44.921,53.393,200.36,7.2131,0.0049373,0.0074868,vapor
181.00,0.054761,3.6545,0.27363,19.052,20.551,119.00,44.973,53.449,200.53,7.1784,0.0049469,0.0075128,vapor
181.35,0.056253,3.7472,0.26687,19.068,20.569,118.88,45.026,53.505,200.69,7.1438,0.0049564,0.0075388,vapor
181.70,0.057779,3.8418,0.26029,19.083,20.587,118.76,45.078,53.561,200.85,7.1095,0.0049659,0.0075648,vapor
182.05,0.059340,3.9383,0.25391,19.099,20.605,118.64,45.131,53.617,201.02,7.0753,0.0049754,0.0075909,vapor
182.40,0.060935,4.0369,0.24772,19.114,20.623,118.52,45.183,53.673,201.18,7.0413,0.0049849,0.0076170,vapor
182.75,0.062566,4.1374,0.24170,19.129,20.642,118.40,45.236,53.730,201.34,7.0075,0.0049944,0.0076431,vapor
183.10,0.064234,4.2399,0.23585,19.145,20.660,118.28,45.289,53.787,201.50,6.9738,0.0050039,0.0076693,vapor
183.45,0.065938,4.3445,0.23017,19.160,20.678,118.16,45.342,53.843,201.66,6.9404,0.0050134,0.0076955,vapor
183.80,0.067680,4.4513,0.22466,19.176,20.696,118.05,45.395,53.900,201.82,6.9071,0.0050228,0.0077217,vapor
184.15,0.069459,4.5601,0.21929,19.191,20.714,117.93,45.448,53.958,201.98,6.8740,0.0050323,0.0077480,vapor
184.50,0.071278,4.6711,0.21408,19.207,20.733,117.82,45.502,54.015,202.14,6.8411,0.0050418,0.0077743,vapor
184.85,0.073136,4.7843,0.20902,19.222,20.751,117.70,45.555,54.072,202.30,6.8084,0.0050513,0.0078006,vapor
185.20,0.075034,4.8997,0.20409,19.238,20.769,117.59,45.609,54.130,202.46,6.7758,0.0050608,0.0078269,vapor
185.55,0.076972,5.0173,0.19931,19.253,20.787,117.48,45.662,54.188,202.62,6.7434,0.0050703,0.0078533,vapor
185.90,0.078952,5.1373,0.19466,19.269,20.806,117.37,45.716,54.246,202.78,6.7112,0.0050798,0.0078798,vapor
186.25,0.080975,5.2596,0.19013,19.284,20.824,117.25,45.770,54.304,202.93,6.6791,0.0050892,0.0079062,vapor
186.60,0.083039,5.3842,0.18573,19.300,20.842,117.14,45.824,54.362,203.09,6.6472,0.0050987,0.0079327,vapor
186.95,0.085148,5.5112,0.18145,19.315,20.860,117.03,45.878,54.421,203.25,6.6155,0.0051082,0.0079592,vapor
187.30,0.087300,5.6406,0.17729,19.331,20.879,116.93,45.932,54.480,203.40,6.5839,0.0051176,0.0079858,vapor
187.65,0.089498,5.7725,0.17324,19.347,20.897,116.82,45.986,54.538,203.56,6.5526,0.0051271,0.0080123,vapor
188.00,0.091741,5.9068,0.16930,19.362,20.915,116.71,46.040,54.597,203.71,6.5213,0.0051366,0.0080390,vapor
188.35,0.094030,6.0437,0.16546,19.378,20.934,116.60,46.095,54.657,203.87,6.4903,0.0051460,0.0080656,vapor
188.70,0.096366,6.1831,0.16173,19.393,20.952,116.50,46.149,54.716,204.02,6.4594,0.0051555,0.0080923,vapor
189.05,0.098750,6.3252,0.15810,19.409,20.970,116.39,46.204,54.776,204.18,6.4287,0.0051650,0.0081190,vapor
189.40,0.10118,6.4698,0.15456,19.425,20.989,116.29,46.259,54.835,204.33,6.3981,0.0051744,0.0081457,vapor
189.75,0.10366,6.6171,0.15112,19.440,21.007,116.19,46.314,54.895,204.48,6.3677,0.0051839,0.0081725,vapor
190.10,0.10620,6.7671,0.14777,19.456,21.025,116.08,46.369,54.955,204.63,6.3375,0.0051933,0.0081993,vapor
190.45,0.10878,6.9199,0.14451,19.472,21.044,115.98,46.424,55.016,204.79,6.3074,0.0052028,0.0082262,vapor
190.80,0.11141,7.0754,0.14134,19.487,21.062,115.88,46.479,55.076,204.94,6.2775,0.0052122,0.0082530,vapor
191.15,0.11410,7.2337,0.13824,19.503,21.080,115.78,46.535,55.137,205.09,6.2477,0.0052217,0.0082800,vapor
191.50,0.11684,7.3948,0.13523,19.519,21.099,115.68,46.590,55.198,205.24,6.2181,0.0052311,0.0083069,vapor
191.85,0.11963,7.5589,0.13229,19.534,21.117,115.58,46.646,55.259,205.39,6.1887,0.0052405,0.0083339,vapor
192.20,0.12248,7.7258,0.12944,19.550,21.135,115.48,46.701,55.320,205.54,6.1594,0.0052500,0.0083609,vapor
192.55,0.12538,7.8957,0.12665,19.566,21.154,115.39,46.757,55.381,205.68,6.1302,0.0052594,0.0083879,vapor
192.90,0.12834,8.0686,0.12394,19.582,21.172,115.29,46.813,55.443,205.83,6.1013,0.0052689,0.0084150,vapor
193.25,0.13136,8.2445,0.12129,19.597,21.191,115.19,46.869,55.505,205.98,6.0725,0.0052783,0.0084421,vapor
193.60,0.13443,8.4235,0.11872,19.613,21.209,115.10,46.925,55.567,206.13,6.0438,0.0052877,0.0084692,vapor
193.95,0.13757,8.6056,0.11620,19.629,21.227,115.00,46.982,55.629,206.27,6.0153,0.0052971,0.0084964,vapor
194.30,0.14076,8.7909,0.11375,19.645,21.246,114.91,47.038,55.692,206.42,5.9869,0.0053066,0.0085236,vapor
194.65,0.14402,8.9793,0.11137,19.660,21.264,114.81,47.095,55.754,206.57,5.9587,0.0053160,0.0085508,vapor
195.00,0.14733,9.1709,0.10904,19.676,21.283,114.72,47.151,55.817,206.71,5.9306,0.0053254,0.0085780,vapor
195.35,0.15071,9.3659,0.10677,19.692,21.301,114.63,47.208,55.880,206.86,5.9027,0.0053348,0.0086053,vapor
195.70,0.15415,9.5641,0.10456,19.708,21.320,114.54,47.265,55.943,207.00,5.8750,0.0053442,0.0086327,vapor
196.05,0.15765,9.7656,0.10240,19.724,21.338,114.45,47.322,56.007,207.14,5.8474,0.0053536,0.0086600,vapor
196.40,0.16122,9.9706,0.10030,19.739,21.356,114.36,47.379,56.070,207.29,5.8199,0.0053630,0.0086874,vapor
196.75,0.16486,10.179,0.098242,19.755,21.375,114.27,47.437,56.134,207.43,5.7926,0.0053724,0.0087148,vapor
197.10,0.16856,10.391,0.096239,19.771,21.393,114.18,47.494,56.198,207.57,5.7655,0.0053819,0.0087423,vapor
197.45,0.17233,10.606,0.094285,19.787,21.412,114.09,47.552,56.263,207.71,5.7385,0.0053913,0.0087698,vapor
197.80,0.17617,10.825,0.092379,19.803,21.430,114.00,47.610,56.327,207.85,5.7116,0.0054007,0.0087973,vapor
198.15,0.18008,11.047,0.090518,19.819,21.449,113.91,47.667,56.392,207.99,5.6849,0.0054100,0.0088248,vapor
198.50,0.18405,11.274,0.088703,19.835,21.467,113.83,47.725,56.457,208.13,5.6583,0.0054194,0.0088524,vapor
198.85,0.18810,11.503,0.086931,19.850,21.486,113.74,47.783,56.522,208.27,5.6319,0.0054288,0.0088800,vapor
199.20,0.19222,11.737,0.085201,19.866,21.504,113.66,47.842,56.587,208.41,5.6056,0.0054382,0.0089077,vapor
199.55,0.19642,11.974,0.083513,19.882,21.523,113.57,47.900,56.653,208.55,5.5795,0.0054476,0.0089354,vapor
199.90,0.20069,12.215,0.081865,19.898,21.541,113.49,47.958,56.718,208.69,5.5535,0.0054570,0.0089631,vapor
200.25,0.20503,12.460,0.080256,19.914,21.560,113.40,48.017,56.784,208.82,5.5277,0.0054664,0.0089908,vapor
200.60,0.20945,12.709,0.078685,19.930,21.578,113.32,48.076,56.851,208.96,5.5020,0.0054757,0.0090186,vapor
200.95,0.21395,12.962,0.077151,19.946,21.597,113.24,48.135,56.917,209.10,5.4764,0.0054851,0.0090464,vapor
201.30,0.21852,13.218,0.075652,19.962,21.615,113.16,48.194,56.984,209.23,5.4510,0.0054945,0.0090743,vapor
201.65,0.22318,13.479,0.074189,19.978,21.634,113.08,48.253,57.050,209.37,5.4258,0.0055039,0.0091021,vapor
202.00,0.22791,13.744,0.072760,19.994,21.652,112.99,48.312,57.118,209.50,5.4006,0.0055132,0.0091300,vapor
202.35,0.23273,14.013,0.071363,20.010,21.671,112.91,48.371,57.185,209.63,5.3756,0.0055226,0.0091580,vapor
202.70,0.23762,14.286,0.069999,20.026,21.689,112.84,48.431,57.252,209.77,5.3508,0.0055320,0.0091860,vapor
203.05,0.24260,14.563,0.068667,20.042,21.708,112.76,48.490,57.320,209.90,5.3261,0.0055413,0.0092140,vapor
203.40,0.24767,14.845,0.067365,20.058,21.726,112.68,48.550,57.388,210.03,5.3015,0.0055507,0.0092420,vapor
203.75,0.25282,15.130,0.066092,20.074,21.745,112.60,48.610,57.456,210.16,5.2771,0.0055600,0.0092701,vapor
204.10,0.25805,15.421,0.064849,20.090,21.763,112.52,48.670,57.525,210.29,5.2528,0.0055694,0.0092982,vapor
204.45,0.26338,15.715,0.063633,20.106,21.782,112.45,48.730,57.593,210.42,5.2287,0.0055787,0.0093263,vapor
204.80,0.26879,16.014,0.062445,20.122,21.800,112.37,48.791,57.662,210.55,5.2047,0.0055881,0.0093545,vapor
205.15,0.27429,16.317,0.061284,20.138,21.819,112.29,48.851,57.731,210.68,5.1808,0.0055974,0.0093827,vapor
205.50,0.27988,16.625,0.060149,20.154,21.838,112.22,48.912,57.801,210.81,5.1571,0.0056068,0.0094110,vapor
205.85,0.28557,16.938,0.059039,20.170,21.856,112.15,48.972,57.870,210.94,5.1335,0.0056161,0.0094392,vapor
206.20,0.29134,17.255,0.057954,20.186,21.875,112.07,49.033,57.940,211.06,5.1100,0.0056254,0.0094675,vapor
206.55,0.29721,17.577,0.056893,20.202,21.893,112.00,49.094,58.010,211.19,5.0867,0.0056348,0.0094959,vapor
206.90,0.30318,17.903,0.055855,20.218,21.912,111.93,49.155,58.080,211.32,5.0635,0.0056441,0.0095243,vapor
207.25,0.30924,18.235,0.054841,20.234,21.930,111.85,49.216,58.151,211.44,5.0405,0.0056534,0.0095527,vapor
207.60,0.31539,18.571,0.053848,20.251,21.949,111.78,49.278,58.221,211.57,5.0176,0.0056628,0.0095811,vapor
207.95,0.32165,18.912,0.052877,20.267,21.967,111.71,49.339,58.292,211.69,4.9948,0.0056721,0.0096096,vapor
208.30,0.32801,19.258,0.051927,20.283,21.986,111.64,49.401,58.363,211.81,4.9721,0.0056814,0.0096381,vapor
208.65,0.33446,19.608,0.050998,20.299,22.005,111.57,49.462,58.435,211.94,4.9496,0.0056907,0.0096666,vapor
209.00,0.34102,19.964,0.050089,20.315,22.023,111.50,49.524,58.507,212.06,4.9272,0.0057001,0.0096952,vapor
209.35,0.34768,20.325,0.049200,20.331,22.042,111.43,49.586,58.578,212.18,4.9050,0.0057094,0.0097238,vapor
209.70,0.35444,20.691,0.048330,20.347,22.060,111.36,49.648,58.651,212.30,4.8829,0.0057187,0.0097525,vapor
210.05,0.36131,21.062,0.047478,20.363,22.079,111.29,49.711,58.723,212.42,4.8609,0.0057280,0.0097812,vapor
210.40,0.36829,21.439,0.046644,20.380,22.097,111.22,49.773,58.795,212.54,4.8390,0.0057373,0.0098099,vapor
210.75,0.37537,21.820,0.045829,20.396,22.116,111.16,49.836,58.868,212.66,4.8173,0.0057466,0.0098386,vapor
211.10,0.38256,22.207,0.045030,20.412,22.135,111.09,49.898,58.941,212.78,4.7957,0.0057559,0.0098674,vapor
211.45,0.38986,22.600,0.044248,20.428,22.153,111.02,49.961,59.015,212.90,4.7742,0.0057652,0.0098962,vapor
211.80,0.39728,22.997,0.043483,20.444,22.172,110.96,50.024,59.088,213.01,4.7529,0.0057745,0.0099251,vapor
212.15,0.40480,23.401,0.042734,20.460,22.190,110.89,50.087,59.162,213.13,4.7317,0.0057838,0.0099540,vapor
212.50,0.41244,23.809,0.042000,20.477,22.209,110.83,50.150,59.236,213.25,4.7106,0.0057931,0.0099829,vapor
212.85,0.42019,24.224,0.041282,20.493,22.228,110.76,50.214,59.310,213.36,4.6896,0.0058024,0.010012,vapor
213.20,0.42806,24.643,0.040579,20.509,22.246,110.70,50.277,59.385,213.48,4.6688,0.0058117,0.010041,vapor
213.55,0.43605,25.069,0.039890,20.525,22.265,110.64,50.341,59.459,213.59,4.6481,0.0058210,0.010070,vapor
213.90,0.44415,25.500,0.039215,20.542,22.283,110.57,50.404,59.534,213.70,4.6275,0.0058303,0.010099,vapor
214.25,0.45238,25.937,0.038554,20.558,22.302,110.51,50.468,59.610,213.82,4.6071,0.0058395,0.010128,vapor
214.60,0.46072,26.380,0.037907,20.574,22.320,110.45,50.532,59.685,213.93,4.5867,0.0058488,0.010157,vapor
214.95,0.46919,26.829,0.037273,20.590,22.339,110.39,50.596,59.761,214.04,4.5665,0.0058581,0.010186,vapor
215.30,0.47778,27.284,0.036652,20.606,22.358,110.33,50.660,59.837,214.15,4.5465,0.0058674,0.010216,vapor
215.65,0.48650,27.745,0.036043,20.623,22.376,110.27,50.725,59.913,214.26,4.5265,0.0058766,0.010245,vapor
216.00,0.49534,28.212,0.035446,20.639,22.395,110.21,50.789,59.989,214.37,4.5067,0.0058859,0.010274,vapor
216.35,0.50431,28.684,0.034862,20.655,22.413,110.15,50.854,60.066,214.48,4.4870,0.0058952,0.010303,vapor
216.70,0.51340,29.164,0.034289,20.672,22.432,110.09,50.918,60.143,214.59,4.4674,0.0059045,0.010333,vapor
217.05,0.52263,29.649,0.033728,20.688,22.451,110.03,50.983,60.220,214.69,4.4479,0.0059137,0.010362,vapor
217.40,0.53199,30.140,0.033178,20.704,22.469,109.97,51.048,60.298,214.80,4.4286,0.0059230,0.010392,vapor
217.75,0.54148,30.638,0.032639,20.720,22.488,109.91,51.113,60.375,214.91,4.4093,0.0059322,0.010421,vapor
218.10,0.55110,31.143,0.032110,20.737,22.506,109.85,51.178,60.453,215.01,4.3902,0.0059415,0.010451,vapor
218.45,0.56086,31.653,0.031592,20.753,22.525,109.80,51.244,60.532,215.12,4.3712,0.0059508,0.010480,vapor
218.80,0.57076,32.170,0.031084,20.769,22.544,109.74,51.309,60.610,215.22,4.3524,0.0059600,0.010510,vapor
219.15,0.58079,32.694,0.030586,20.786,22.562,109.68,51.375,60.689,215.32,4.3336,0.0059693,0.010539,vapor
219.50,0.59097,33.225,0.030098,20.802,22.581,109.63,51.441,60.768,215.43,4.3150,0.0059785,0.010569,vapor
219.85,0.60128,33.762,0.029619,20.818,22.599,109.57,51.506,60.847,215.53,4.2965,0.0059878,0.010599,vapor
220.20,0.61174,34.305,0.029150,20.835,22.618,109.52,51.572,60.926,215.63,4.2781,0.0059970,0.010628,vapor
220.55,0.62233,34.856,0.028689,20.851,22.636,109.46,51.639,61.006,215.73,4.2598,0.0060063,0.010658,vapor
220.90,0.63308,35.413,0.028238,20.867,22.655,109.41,51.705,61.086,215.83,4.2416,0.0060155,0.010688,vapor
221.25,0.64397,35.978,0.027795,20.884,22.674,109.35,51.771,61.166,215.93,4.2235,0.0060247,0.010718,vapor
221.60,0.65500,36.549,0.027361,20.900,22.692,109.30,51.838,61.247,216.03,4.2056,0.0060340,0.010748,vapor
221.95,0.66619,37.127,0.026934,20.916,22.711,109.25,51.904,61.327,216.12,4.1878,0.0060432,0.010777,vapor
222.30,0.67752,37.713,0.026516,20.933,22.729,109.19,51.971,61.408,216.22,4.1701,0.0060525,0.010807,vapor
222.65,0.68901,38.305,0.026106,20.949,22.748,109.14,52.038,61.490,216.32,4.1525,0.0060617,0.010837,vapor
223.00,0.70065,38.905,0.025704,20.965,22.766,109.09,52.105,61.571,216.41,4.1350,0.0060709,0.010867,vapor
223.35,0.71244,39.512,0.025309,20.982,22.785,109.04,52.172,61.653,216.51,4.1176,0.0060802,0.010898,vapor
223.70,0.72439,40.126,0.024922,20.998,22.804,108.99,52.239,61.735,216.60,4.1003,0.0060894,0.010928,vapor
224.05,0.73650,40.748,0.024541,21.015,22.822,108.93,52.306,61.817,216.69,4.0832,0.0060986,0.010958,vapor
224.40,0.74876,41.377,0.024168,21.031,22.841,108.88,52.374,61.900,216.79,4.0661,0.0061079,0.010988,vapor
224.75,0.76119,42.013,0.023802,21.047,22.859,108.83,52.441,61.983,216.88,4.0492,0.0061171,0.011018,vapor
225.10,0.77377,42.657,0.023443,21.064,22.878,108.78,52.509,62.066,216.97,4.0323,0.0061263,0.011048,vapor
225.45,0.78652,43.309,0.023090,21.080,22.896,108.74,52.577,62.149,217.06,4.0156,0.0061355,0.011079,vapor
225.80,0.79944,43.968,0.022744,21.097,22.915,108.69,52.645,62.233,217.15,3.9990,0.0061448,0.011109,vapor
226.15,0.81252,44.636,0.022404,21.113,22.933,108.64,52.713,62.316,217.24,3.9825,0.0061540,0.011140,vapor
226.50,0.82576,45.311,0.022070,21.130,22.952,108.59,52.781,62.401,217.32,3.9661,0.0061632,0.011170,vapor
226.85,0.83918,45.993,0.021742,21.146,22.971,108.54,52.849,62.485,217.41,3.9498,0.0061724,0.011200,vapor
227.20,0.85277,46.684,0.021421,21.162,22.989,108.49,52.918,62.570,217.50,3.9336,0.0061816,0.011231,vapor
227.55,0.86652,47.383,0.021105,21.179,23.008,108.45,52.986,62.655,217.58,3.9175,0.0061909,0.011262,vapor
227.90,0.88045,48.090,0.020794,21.195,23.026,108.40,53.055,62.740,217.67,3.9015,0.0062001,0.011292,vapor
228.25,0.89456,48.805,0.020490,21.212,23.045,108.35,53.124,62.825,217.75,3.8856,0.0062093,0.011323,vapor
228.60,0.90884,49.528,0.020191,21.228,23.063,108.31,53.193,62.911,217.84,3.8699,0.0062185,0.011353,vapor
228.95,0.92330,50.259,0.019897,21.245,23.082,108.26,53.262,62.997,217.92,3.8542,0.0062277,0.011384,vapor
229.30,0.93794,50.999,0.019608,21.261,23.100,108.22,53.331,63.083,218.00,3.8386,0.0062369,0.011415,vapor
229.65,0.95275,51.747,0.019325,21.278,23.119,108.17,53.400,63.170,218.08,3.8231,0.0062461,0.011446,vapor
230.00,0.96775,52.503,0.019046,21.294,23.137,108.13,53.470,63.257,218.16,3.8078,0.0062554,0.011477,vapor
230.35,0.98294,53.268,0.018773,21.310,23.156,108.08,53.539,63.344,218.24,3.7925,0.0062646,0.011508,vapor
230.70,0.99831,54.042,0.018504,21.327,23.174,108.04,53.609,63.431,218.32,3.7773,0.0062738,0.011538,vapor
231.05,1.0139,54.824,0.018240,21.343,23.193,107.99,53.678,63.519,218.40,3.7623,0.0062830,0.011569,vapor
231.40,1.0296,55.615,0.017981,21.360,23.211,107.95,53.748,63.607,218.48,3.7473,0.0062922,0.011601,vapor
231.75,1.0455,56.415,0.017726,21.376,23.230,107.91,53.818,63.695,218.55,3.7324,0.0063014,0.011632,vapor
232.10,1.0617,57.223,0.017475,21.393,23.248,107.87,53.888,63.784,218.63,3.7176,0.0063106,0.011663,vapor
232.45,1.0780,58.041,0.017229,21.409,23.267,107.82,53.958,63.873,218.70,3.7029,0.0063198,0.011694,vapor
232.80,1.0945,58.867,0.016987,21.426,23.285,107.78,54.029,63.962,218.78,3.6884,0.0063290,0.011725,vapor
233.15,1.1112,59.703,0.016750,21.442,23.304,107.74,54.099,64.051,218.85,3.6739,0.0063382,0.011756,vapor
233.50,1.1281,60.547,0.016516,21.459,23.322,107.70,54.170,64.141,218.92,3.6595,0.0063474,0.011788,vapor
233.85,1.1452,61.401,0.016286,21.475,23.340,107.66,54.240,64.231,219.00,3.6452,0.0063567,0.011819,vapor
234.20,1.1625,62.264,0.016061,21.492,23.359,107.62,54.311,64.321,219.07,3.6310,0.0063659,0.011850,vapor
234.55,1.1800,63.136,0.015839,21.508,23.377,107.58,54.382,64.412,219.14,3.6169,0.0063751,0.011882,vapor
234.90,1.1978,64.018,0.015621,21.525,23.396,107.54,54.453,64.502,219.21,3.6028,0.0063843,0.011913,vapor
235.25,1.2157,64.909,0.015406,21.541,23.414,107.50,54.524,64.594,219.28,3.5889,0.0063935,0.011945,vapor
235.60,1.2338,65.810,0.015195,21.558,23.433,107.46,54.596,64.685,219.34,3.5751,0.0064027,0.011977,vapor
235.95,1.2521,66.720,0.014988,21.574,23.451,107.42,54.667,64.777,219.41,3.5613,0.0064119,0.012008,vapor
236.30,1.2707,67.640,0.014784,21.591,23.470,107.38,54.738,64.869,219.48,3.5477,0.0064211,0.012040,vapor
236.65,1.2894,68.569,0.014584,21.607,23.488,107.34,54.810,64.961,219.54,3.5341,0.0064303,0.012072,vapor
237.00,1.3084,69.509,0.014387,21.624,23.506,107.30,54.882,65.054,219.61,3.5206,0.0064395,0.012103,vapor
237.35,1.3276,70.458,0.014193,21.641,23.525,107.26,54.954,65.147,219.67,3.5073,0.0064487,0.012135,vapor
237.70,1.3470,71.417,0.014002,21.657,23.543,107.23,55.026,65.240,219.73,3.4940,0.0064579,0.012167,vapor
238.05,1.3666,72.387,0.013815,21.674,23.561,107.19,55.098,65.333,219.79,3.4808,0.0064672,0.012199,vapor
238.40,1.3864,73.366,0.013630,21.690,23.580,107.15,55.170,65.427,219.85,3.4676,0.0064764,0.012231,vapor
238.75,1.4065,74.356,0.013449,21.707,23.598,107.11,55.242,65.521,219.92,3.4546,0.0064856,0.012263,vapor
239.10,1.4268,75.355,0.013270,21.723,23.617,107.08,55.314,65.616,219.97,3.4417,0.0064948,0.012295,vapor
239.45,1.4473,76.365,0.013095,21.740,23.635,107.04,55.387,65.711,220.03,3.4288,0.0065040,0.012327,vapor
239.80,1.4680,77.386,0.012922,21.756,23.653,107.01,55.460,65.806,220.09,3.4160,0.0065132,0.012360,vapor
240.15,1.4890,78.417,0.012752,21.773,23.672,106.97,55.532,65.901,220.15,3.4033,0.0065224,0.012392,vapor
240.50,1.5102,79.458,0.012585,21.789,23.690,106.93,55.605,65.997,220.20,3.3907,0.0065317,0.012424,vapor
240.85,1.5316,80.510,0.012421,21.806,23.708,106.90,55.678,66.093,220.26,3.3782,0.0065409,0.012456,vapor
241.20,1.5533,81.573,0.012259,21.822,23.727,106.86,55.751,66.189,220.31,3.3658,0.0065501,0.012489,vapor
241.55,1.5752,82.646,0.012100,21.839,23.745,106.83,55.825,66.286,220.37,3.3534,0.0065593,0.012521,vapor
241.90,1.5973,83.731,0.011943,21.856,23.763,106.80,55.898,66.383,220.42,3.3412,0.0065686,0.012554,vapor
242.25,1.6197,84.826,0.011789,21.872,23.782,106.76,55.971,66.480,220.47,3.3290,0.0065778,0.012586,vapor
242.60,1.6423,85.932,0.011637,21.889,23.800,106.73,56.045,66.578,220.52,3.3169,0.0065870,0.012619,vapor
242.95,1.6652,87.050,0.011488,21.905,23.818,106.69,56.119,66.676,220.57,3.3048,0.0065962,0.012652,vapor
243.30,1.6882,88.178,0.011341,21.922,23.836,106.66,56.192,66.774,220.62,3.2929,0.0066055,0.012685,vapor
243.65,1.7116,89.318,0.011196,21.938,23.855,106.63,56.266,66.873,220.67,3.2810,0.0066147,0.012717,vapor
244.00,1.7352,90.469,0.011054,21.955,23.873,106.59,56.340,66.971,220.72,3.2692,0.0066239,0.012750,vapor
244.35,1.7590,91.631,0.010913,21.971,23.891,106.56,56.415,67.071,220.76,3.2575,0.0066332,0.012783,vapor
244.70,1.7831,92.805,0.010775,21.988,23.909,106.53,56.489,67.170,220.81,3.2459,0.0066424,0.012816,vapor
245.05,1.8074,93.990,0.010639,22.005,23.928,106.50,56.563,67.270,220.85,3.2344,0.0066517,0.012849,vapor
245.40,1.8320,95.187,0.010506,22.021,23.946,106.47,56.638,67.371,220.90,3.2229,0.0066609,0.012882,vapor
245.75,1.8569,96.395,0.010374,22.038,23.964,106.43,56.712,67.471,220.94,3.2115,0.0066702,0.012915,vapor
246.10,1.8820,97.616,0.010244,22.054,23.982,106.40,56.787,67.572,220.98,3.2002,0.0066794,0.012949,vapor
246.45,1.9073,98.848,0.010117,22.071,24.000,106.37,56.862,67.674,221.02,3.1889,0.0066887,0.012982,vapor
246.80,1.9330,100.09,0.0099908,22.087,24.019,106.34,56.937,67.775,221.06,3.1778,0.0066979,0.013015,vapor
247.15,1.9589,101.35,0.0098670,22.104,24.037,106.31,57.012,67.878,221.10,3.1667,0.0067072,0.013049,vapor
247.50,1.9850,102.62,0.0097450,22.121,24.055,106.28,57.087,67.980,221.14,3.1557,0.0067164,0.013082,vapor
247.85,2.0114,103.90,0.0096249,22.137,24.073,106.25,57.163,68.083,221.18,3.1447,0.0067257,0.013115,vapor
248.20,2.0381,105.19,0.0095066,22.154,24.091,106.22,57.238,68.186,221.22,3.1339,0.0067350,0.013149,vapor
248.55,2.0651,106.49,0.0093901,22.170,24.109,106.19,57.313,68.289,221.25,3.1231,0.0067443,0.013183,vapor
248.90,2.0923,107.81,0.0092754,22.187,24.127,106.16,57.389,68.393,221.29,3.1123,0.0067535,0.013216,vapor
249.25,2.1198,109.14,0.0091624,22.203,24.146,106.13,57.465,68.497,221.32,3.1017,0.0067628,0.013250,vapor
249.60,2.1476,110.48,0.0090510,22.220,24.164,106.10,57.541,68.602,221.35,3.0911,0.0067721,0.013284,vapor
249.95,2.1756,111.84,0.0089413,22.236,24.182,106.08,57.617,68.707,221.39,3.0806,0.0067814,0.013318,vapor
250.30,2.2039,113.21,0.0088333,22.253,24.200,106.05,57.693,68.812,221.42,3.0702,0.0067907,0.013352,vapor
250.65,2.2325,114.59,0.0087268,22.270,24.218,106.02,57.769,68.918,221.45,3.0598,0.0068000,0.013386,vapor
251.00,2.2614,115.98,0.0086220,22.286,24.236,105.99,57.846,69.024,221.48,3.0495,0.0068093,0.013420,vapor
251.35,2.2906,117.39,0.0085186,22.303,24.254,105.96,57.922,69.131,221.50,3.0393,0.0068186,0.013454,vapor
251.70,2.3201,118.81,0.0084168,22.319,24.272,105.94,57.999,69.238,221.53,3.0292,0.0068279,0.013488,vapor
252.05,2.3498,120.24,0.0083165,22.336,24.290,105.91,58.076,69.345,221.56,3.0191,0.0068372,0.013523,vapor
252.40,2.3798,121.69,0.0082177,22.352,24.308,105.88,58.152,69.452,221.58,3.0091,0.0068465,0.013557,vapor
252.75,2.4102,123.15,0.0081202,22.369,24.326,105.85,58.229,69.560,221.61,2.9991,0.0068559,0.013591,vapor
253.10,2.4408,124.62,0.0080242,22.385,24.344,105.83,58.307,69.669,221.63,2.9892,0.0068652,0.013626,vapor
253.45,2.4717,126.11,0.0079296,22.402,24.362,105.80,58.384,69.778,221.65,2.9794,0.0068745,0.013661,vapor
253.80,2.5029,127.61,0.0078364,22.419,24.380,105.78,58.461,69.887,221.68,2.9697,0.0068839,0.013695,vapor
254.15,2.5344,129.12,0.0077445,22.435,24.398,105.75,58.539,69.997,221.70,2.9600,0.0068932,0.013730,vapor
254.50,2.5662,130.65,0.0076539,22.452,24.416,105.72,58.616,70.107,221.72,2.9504,0.0069026,0.013765,vapor
254.85,2.5983,132.19,0.0075646,22.468,24.434,105.70,58.694,70.217,221.74,2.9409,0.0069119,0.013800,vapor
255.20,2.6307,133.75,0.0074766,22.485,24.452,105.67,58.772,70.328,221.75,2.9314,0.0069213,0.013835,vapor
255.55,2.6635,135.32,0.0073899,22.501,24.470,105.65,58.850,70.439,221.77,2.9220,0.0069306,0.013870,vapor
255.90,2.6965,136.90,0.0073044,22.518,24.487,105.62,58.928,70.551,221.79,2.9126,0.0069400,0.013905,vapor
256.25,2.7298,138.50,0.0072201,22.534,24.505,105.60,59.006,70.663,221.80,2.9033,0.0069494,0.013940,vapor
256.60,2.7635,140.12,0.0071369,22.551,24.523,105.57,59.084,70.776,221.82,2.8941,0.0069588,0.013975,vapor
256.95,2.7974,141.74,0.0070550,22.567,24.541,105.55,59.163,70.889,221.83,2.8850,0.0069682,0.014010,vapor
257.30,2.8317,143.39,0.0069742,22.584,24.559,105.53,59.242,71.002,221.84,2.8759,0.0069776,0.014046,vapor
257.65,2.8663,145.04,0.0068945,22.600,24.577,105.50,59.320,71.116,221.85,2.8668,0.0069870,0.014081,vapor
258.00,2.9012,146.71,0.0068160,22.617,24.594,105.48,59.399,71.231,221.86,2.8579,0.0069964,0.014117,vapor
258.35,2.9364,148.40,0.0067385,22.634,24.612,105.45,59.478,71.346,221.87,2.8490,0.0070058,0.014152,vapor
258.70,2.9719,150.10,0.0066622,22.650,24.630,105.43,59.557,71.461,221.88,2.8401,0.0070153,0.014188,vapor
259.05,3.0078,151.82,0.0065869,22.667,24.648,105.41,59.636,71.576,221.89,2.8314,0.0070247,0.014224,vapor
259.40,3.0440,153.55,0.0065126,22.683,24.665,105.38,59.716,71.693,221.89,2.8226,0.0070341,0.014260,vapor
259.75,3.0805,155.30,0.0064393,22.700,24.683,105.36,59.795,71.809,221.90,2.8140,0.0070436,0.014296,vapor
260.10,3.1174,157.06,0.0063671,22.716,24.701,105.34,59.875,71.926,221.90,2.8054,0.0070531,0.014332,vapor
260.45,3.1546,158.84,0.0062958,22.733,24.719,105.32,59.955,72.044,221.90,2.7968,0.0070625,0.014368,vapor
260.80,3.1921,160.63,0.0062255,22.749,24.736,105.29,60.035,72.162,221.91,2.7883,0.0070720,0.014404,vapor
261.15,3.2300,162.44,0.0061562,22.766,24.754,105.27,60.115,72.281,221.91,2.7799,0.0070815,0.014440,vapor
261.50,3.2682,164.26,0.0060878,22.782,24.772,105.25,60.195,72.400,221.91,2.7716,0.0070910,0.014477,vapor
261.85,3.3067,166.10,0.0060204,22.799,24.789,105.23,60.275,72.519,221.90,2.7633,0.0071005,0.014513,vapor
262.20,3.3456,167.96,0.0059538,22.815,24.807,105.21,60.355,72.639,221.90,2.7550,0.0071100,0.014550,vapor
262.55,3.3848,169.83,0.0058882,22.831,24.824,105.19,60.436,72.760,221.90,2.7468,0.0071195,0.014586,vapor
262.90,3.4243,171.72,0.0058234,22.848,24.842,105.16,60.517,72.881,221.90,2.7387,0.0071290,0.014623,vapor
263.25,3.4642,173.63,0.0057595,22.864,24.860,105.14,60.597,73.002,221.89,2.7306,0.0071386,0.014660,vapor
263.60,3.5045,175.55,0.0056965,22.881,24.877,105.12,60.678,73.124,221.88,2.7226,0.0071481,0.014697,vapor
263.95,3.5451,177.49,0.0056343,22.897,24.895,105.10,60.760,73.247,221.88,2.7146,0.0071577,0.014734,vapor
264.30,3.5860,179.44,0.0055729,22.914,24.912,105.08,60.841,73.370,221.87,2.7067,0.0071673,0.014771,vapor
264.65,3.6274,181.41,0.0055123,22.930,24.930,105.06,60.922,73.493,221.86,2.6989,0.0071768,0.014808,vapor
265.00,3.6690,183.40,0.0054526,22.947,24.947,105.04,61.004,73.617,221.85,2.6911,0.0071864,0.014846,vapor
265.35,3.7110,185.40,0.0053936,22.963,24.965,105.02,61.085,73.742,221.84,2.6833,0.0071960,0.014883,vapor
265.70,3.7534,187.43,0.0053354,22.980,24.982,105.00,61.167,73.867,221.82,2.6756,0.0072057,0.014920,vapor
266.05,3.7962,189.47,0.0052780,22.996,25.000,104.98,61.249,73.993,221.81,2.6680,0.0072153,0.014958,vapor
266.40,3.8393,191.52,0.0052213,23.012,25.017,104.96,61.331,74.119,221.79,2.6604,0.0072249,0.014996,vapor
266.75,3.8828,193.60,0.0051654,23.029,25.034,104.94,61.413,74.246,221.78,2.6529,0.0072346,0.015033,vapor
267.10,3.9266,195.69,0.0051102,23.045,25.052,104.92,61.496,74.373,221.76,2.6454,0.0072442,0.015071,vapor
267.45,3.9708,197.80,0.0050557,23.062,25.069,104.90,61.578,74.501,221.74,2.6380,0.0072539,0.015109,vapor
267.80,4.0154,199.92,0.0050019,23.078,25.086,104.88,61.661,74.630,221.73,2.6307,0.0072636,0.015147,vapor
268.15,4.0604,202.07,0.0049488,23.094,25.104,104.87,61.744,74.759,221.70,2.6233,0.0072733,0.015185,vapor
268.50,4.1057,204.23,0.0048964,23.111,25.121,104.85,61.827,74.889,221.68,2.6161,0.0072830,0.015224,vapor
268.85,4.1514,206.41,0.0048447,23.127,25.138,104.83,61.910,75.019,221.66,2.6089,0.0072927,0.015262,vapor
269.20,4.1975,208.61,0.0047936,23.144,25.156,104.81,61.993,75.150,221.64,2.6017,0.0073024,0.015301,vapor
269.55,4.2440,210.83,0.0047432,23.160,25.173,104.79,62.076,75.281,221.61,2.5946,0.0073122,0.015339,vapor
269.90,4.2908,213.06,0.0046934,23.176,25.190,104.77,62.160,75.413,221.59,2.5876,0.0073219,0.015378,vapor
270.25,4.3381,215.32,0.0046443,23.193,25.207,104.76,62.243,75.546,221.56,2.5806,0.0073317,0.015417,vapor
270.60,4.3857,217.59,0.0045958,23.209,25.224,104.74,62.327,75.679,221.53,2.5736,0.0073415,0.015455,vapor
270.95,4.4337,219.88,0.0045479,23.225,25.242,104.72,62.411,75.813,221.50,2.5667,0.0073513,0.015494,vapor
271.30,4.4821,222.19,0.0045006,23.242,25.259,104.70,62.495,75.948,221.47,2.5598,0.0073611,0.015534,vapor
271.65,4.5309,224.52,0.0044539,23.258,25.276,104.68,62.580,76.083,221.44,2.5530,0.0073709,0.015573,vapor
272.00,4.5801,226.87,0.0044077,23.274,25.293,104.67,62.664,76.219,221.41,2.5463,0.0073808,0.015612,vapor
272.35,4.6297,229.24,0.0043622,23.291,25.310,104.65,62.749,76.355,221.38,2.5396,0.0073906,0.015652,vapor
272.70,4.6797,231.63,0.0043172,23.307,25.327,104.63,62.834,76.492,221.34,2.5329,0.0074005,0.015691,vapor
273.05,4.7301,234.04,0.0042728,23.323,25.344,104.62,62.918,76.630,221.31,2.5263,0.0074104,0.015731,vapor
273.40,4.7809,236.46,0.0042290,23.339,25.361,104.60,63.004,76.769,221.27,2.5197,0.0074203,0.015771,vapor
273.75,4.8321,238.91,0.0041856,23.356,25.378,104.58,63.089,76.908,221.23,2.5132,0.0074303,0.015811,vapor
274.10,4.8837,241.38,0.0041429,23.372,25.395,104.57,63.174,77.048,221.19,2.5067,0.0074402,0.015851,vapor
274.45,4.9357,243.87,0.0041006,23.388,25.412,104.55,63.260,77.188,221.15,2.5003,0.0074501,0.015891,vapor
274.80,4.9881,246.37,0.0040589,23.404,25.429,104.53,63.345,77.330,221.11,2.4939,0.0074601,0.015931,vapor
275.15,5.0410,248.90,0.0040177,23.421,25.446,104.52,63.431,77.472,221.07,2.4876,0.0074701,0.015971,vapor
275.50,5.0942,251.45,0.0039769,23.437,25.463,104.50,63.517,77.614,221.02,2.4813,0.0074801,0.016012,vapor
275.85,5.1479,254.02,0.0039367,23.453,25.480,104.49,63.604,77.758,220.98,2.4751,0.0074902,0.016053,vapor
276.20,5.2020,256.61,0.0038970,23.469,25.497,104.47,63.690,77.902,220.93,2.4689,0.0075002,0.016093,vapor
276.55,5.2565,259.22,0.0038577,23.485,25.513,104.45,63.777,78.047,220.89,2.4627,0.0075103,0.016134,vapor
276.90,5.3115,261.85,0.0038190,23.502,25.530,104.44,63.863,78.192,220.84,2.4566,0.0075203,0.016175,vapor
277.25,5.3668,264.50,0.0037807,23.518,25.547,104.42,63.950,78.339,220.79,2.4506,0.0075304,0.016216,vapor
277.60,5.4226,267.18,0.0037428,23.534,25.564,104.41,64.037,78.486,220.74,2.4446,0.0075406,0.016258,vapor
277.95,5.4788,269.87,0.0037054,23.550,25.580,104.39,64.124,78.634,220.68,2.4386,0.0075507,0.016299,vapor
278.30,5.5355,272.59,0.0036685,23.566,25.597,104.38,64.212,78.782,220.63,2.4327,0.0075609,0.016341,vapor
278.65,5.5926,275.33,0.0036320,23.582,25.614,104.36,64.299,78.932,220.58,2.4268,0.0075710,0.016382,vapor
279.00,5.6501,278.09,0.0035959,23.599,25.630,104.35,64.387,79.082,220.52,2.4210,0.0075812,0.016424,vapor
279.35,5.7080,280.88,0.0035603,23.615,25.647,104.33,64.475,79.233,220.46,2.4152,0.0075915,0.016466,vapor
279.70,5.7664,283.68,0.0035251,23.631,25.664,104.32,64.563,79.385,220.41,2.4094,0.0076017,0.016508,vapor
280.05,5.8253,286.51,0.0034903,23.647,25.680,104.30,64.651,79.538,220.35,2.4037,0.0076120,0.016551,vapor
280.40,5.8846,289.36,0.0034559,23.663,25.697,104.29,64.740,79.691,220.29,2.3980,0.0076223,0.016593,vapor
280.75,5.9443,292.24,0.0034219,23.679,25.713,104.28,64.829,79.846,220.23,2.3924,0.0076326,0.016635,vapor
281.10,6.0045,295.13,0.0033883,23.695,25.730,104.26,64.917,80.001,220.16,2.3868,0.0076429,0.016678,vapor
281.45,6.0651,298.05,0.0033551,23.711,25.746,104.25,65.006,80.157,220.10,2.3813,0.0076532,0.016721,vapor
281.80,6.1262,300.99,0.0033223,23.727,25.762,104.23,65.096,80.314,220.03,2.3758,0.0076636,0.016764,vapor
282.15,6.1877,303.96,0.0032899,23.743,25.779,104.22,65.185,80.472,219.97,2.3703,0.0076740,0.016807,vapor
282.50,6.2497,306.95,0.0032579,23.759,25.795,104.20,65.274,80.631,219.90,2.3649,0.0076844,0.016850,vapor
282.85,6.3121,309.96,0.0032262,23.775,25.812,104.19,65.364,80.791,219.83,2.3595,0.0076949,0.016894,vapor
283.20,6.3750,313.00,0.0031949,23.791,25.828,104.18,65.454,80.951,219.76,2.3542,0.0077054,0.016937,vapor
283.55,6.4384,316.06,0.0031640,23.807,25.844,104.16,65.544,81.113,219.69,2.3489,0.0077159,0.016981,vapor
283.90,6.5022,319.15,0.0031334,23.823,25.860,104.15,65.635,81.275,219.61,2.3437,0.0077264,0.017025,vapor
284.25,6.5665,322.25,0.0031031,23.839,25.877,104.14,65.725,81.438,219.54,2.3384,0.0077369,0.017069,vapor
284.60,6.6313,325.39,0.0030732,23.855,25.893,104.12,65.816,81.603,219.47,2.3333,0.0077475,0.017113,vapor
284.95,6.6965,328.55,0.0030437,23.871,25.909,104.11,65.907,81.768,219.39,2.3281,0.0077581,0.017157,vapor
285.30,6.7622,331.73,0.0030145,23.887,25.925,104.10,65.998,81.934,219.31,2.3230,0.0077687,0.017202,vapor
285.65,6.8284,334.94,0.0029856,23.903,25.941,104.08,66.089,82.102,219.23,2.3180,0.0077794,0.017246,vapor
286.00,6.8951,338.17,0.0029571,23.918,25.957,104.07,66.180,82.270,219.15,2.3129,0.0077901,0.017291,vapor
286.35,6.9622,341.43,0.0029288,23.934,25.973,104.06,66.272,82.439,219.07,2.3080,0.0078008,0.017336,vapor
286.70,7.0298,344.72,0.0029009,23.950,25.989,104.04,66.364,82.610,218.99,2.3030,0.0078115,0.017381,vapor
287.05,7.0979,348.03,0.0028733,23.966,26.005,104.03,66.456,82.781,218.90,2.2981,0.0078223,0.017426,vapor
287.40,7.1665,351.37,0.0028460,23.982,26.021,104.02,66.548,82.953,218.82,2.2933,0.0078331,0.017472,vapor
287.75,7.2356,354.73,0.0028191,23.998,26.037,104.01,66.641,83.127,218.73,2.2884,0.0078439,0.017518,vapor
288.10,7.3051,358.12,0.0027924,24.013,26.053,103.99,66.734,83.302,218.64,2.2836,0.0078547,0.017563,vapor
288.45,7.3752,361.53,0.0027660,24.029,26.069,103.98,66.826,83.477,218.55,2.2789,0.0078656,0.017609,vapor
288.80,7.4457,364.98,0.0027399,24.045,26.085,103.97,66.920,83.654,218.46,2.2742,0.0078765,0.017656,vapor
289.15,7.5168,368.45,0.0027141,24.061,26.101,103.96,67.013,83.832,218.37,2.2695,0.0078875,0.017702,vapor
289.50,7.5883,371.94,0.0026886,24.076,26.116,103.94,67.106,84.011,218.27,2.2648,0.0078985,0.017749,vapor
289.85,7.6604,375.47,0.0026634,24.092,26.132,103.93,67.200,84.191,218.18,2.2602,0.0079095,0.017795,vapor
290.20,7.7329,379.02,0.0026384,24.108,26.148,103.92,67.294,84.372,218.08,2.2557,0.0079205,0.017842,vapor
290.55,7.8060,382.60,0.0026137,24.123,26.164,103.91,67.388,84.555,217.99,2.2511,0.0079316,0.017889,vapor
290.90,7.8795,386.20,0.0025893,24.139,26.179,103.90,67.483,84.739,217.89,2.2466,0.0079427,0.017937,vapor
291.25,7.9536,389.84,0.0025652,24.155,26.195,103.88,67.577,84.924,217.79,2.2422,0.0079539,0.017984,vapor
291.60,8.0281,393.50,0.0025413,24.170,26.210,103.87,67.672,85.110,217.69,2.2377,0.0079650,0.018032,vapor
291.95,8.1032,397.19,0.0025177,24.186,26.226,103.86,67.767,85.297,217.58,2.2333,0.0079762,0.018080,vapor
292.30,8.1788,400.91,0.0024943,24.201,26.241,103.85,67.862,85.486,217.48,2.2290,0.0079875,0.018128,vapor
292.65,8.2550,404.66,0.0024712,24.217,26.257,103.84,67.958,85.676,217.37,2.2246,0.0079988,0.018176,vapor
293.00,8.3316,408.44,0.0024483,24.232,26.272,103.82,68.053,85.867,217.26,2.2204,0.0080101,0.018224,vapor
293.35,8.4088,412.25,0.0024257,24.248,26.288,103.81,68.149,86.059,217.16,2.2161,0.0080215,0.018273,vapor
293.70,8.4864,416.09,0.0024033,24.263,26.303,103.80,68.245,86.253,217.05,2.2119,0.0080329,0.018322,vapor
294.05,8.5646,419.96,0.0023812,24.279,26.318,103.79,68.342,86.448,216.93,2.2077,0.0080443,0.018371,vapor
294.40,8.6434,423.85,0.0023593,24.294,26.333,103.78,68.438,86.645,216.82,2.2035,0.0080558,0.018420,vapor
294.75,8.7227,427.78,0.0023376,24.310,26.349,103.77,68.535,86.843,216.71,2.1994,0.0080673,0.018470,vapor
295.10,8.8025,431.74,0.0023162,24.325,26.364,103.75,68.632,87.042,216.59,2.1953,0.0080788,0.018519,vapor
295.45,8.8828,435.73,0.0022950,24.340,26.379,103.74,68.730,87.242,216.48,2.1913,0.0080904,0.018569,vapor
295.80,8.9637,439.75,0.0022740,24.356,26.394,103.73,68.827,87.445,216.36,2.1873,0.0081021,0.018619,vapor
296.15,9.0451,443.80,0.0022532,24.371,26.409,103.72,68.925,87.648,216.24,2.1833,0.0081137,0.018670,vapor
296.50,9.1270,447.89,0.0022327,24.386,26.424,103.71,69.023,87.853,216.12,2.1793,0.0081255,0.018720,vapor
296.85,9.2095,452.00,0.0022124,24.402,26.439,103.70,69.121,88.060,215.99,2.1754,0.0081372,0.018771,vapor
297.20,9.2926,456.15,0.0021923,24.417,26.454,103.69,69.220,88.268,215.87,2.1715,0.0081490,0.018822,vapor
297.55,9.3762,460.33,0.0021724,24.432,26.469,103.68,69.318,88.477,215.74,2.1677,0.0081609,0.018873,vapor
297.90,9.4603,464.54,0.0021527,24.447,26.484,103.66,69.417,88.688,215.62,2.1639,0.0081728,0.018925,vapor
298.25,9.5450,468.79,0.0021332,24.463,26.499,103.65,69.517,88.901,215.49,2.1601,0.0081847,0.018977,vapor
298.60,9.6302,473.07,0.0021139,24.478,26.513,103.64,69.616,89.115,215.36,2.1563,0.0081967,0.019029,vapor
298.95,9.7160,477.38,0.0020948,24.493,26.528,103.63,69.716,89.331,215.23,2.1526,0.0082087,0.019081,vapor
299.30,9.8024,481.72,0.0020759,24.508,26.543,103.62,69.816,89.549,215.09,2.1489,0.0082208,0.019133,vapor
299.65,9.8893,486.10,0.0020572,24.523,26.558,103.61,69.916,89.768,214.96,2.1453,0.0082329,0.019186,vapor
300.00,9.9768,490.51,0.0020387,24.538,26.572,103.60,70.016,89.989,214.82,2.1416,0.0082451,0.019239,vapor